<?xml version="1.0" encoding="UTF-8" standalone="no"?>
<!DOCTYPE instance SYSTEM "http://tabu.diegm.uniud.it/ctt/cb_ctt.dtd">
<instance name="Ing0708-2">
  <descriptor>
    <days value="5"/>
    <periods_per_day value="5"/>
    <daily_lectures min="2" max="4"/>
  </descriptor>
  <courses>
    <course id="c0007" teacher="t000" lectures="3" min_days="3" students="12" double_lectures="no"/>
    <course id="c0009" teacher="t001" lectures="3" min_days="3" students="16" double_lectures="no"/>
    <course id="c0015" teacher="t002" lectures="3" min_days="3" students="35" double_lectures="no"/>
    <course id="c0019" teacher="t003" lectures="3" min_days="3" students="31" double_lectures="no"/>
    <course id="c0020" teacher="t004" lectures="3" min_days="3" students="12" double_lectures="no"/>
    <course id="c0023" teacher="t005" lectures="3" min_days="3" students="111" double_lectures="no"/>
    <course id="c0024" teacher="t006" lectures="3" min_days="3" students="38" double_lectures="no"/>
    <course id="c0044" teacher="t007" lectures="3" min_days="3" students="110" double_lectures="no"/>
    <course id="c0047" teacher="t008" lectures="3" min_days="3" students="100" double_lectures="no"/>
    <course id="c0049" teacher="t009" lectures="3" min_days="3" students="55" double_lectures="no"/>
    <course id="c0053" teacher="t010" lectures="3" min_days="3" students="60" double_lectures="no"/>
    <course id="c0056" teacher="t011" lectures="3" min_days="3" students="110" double_lectures="no"/>
    <course id="c0058" teacher="t012" lectures="3" min_days="3" students="100" double_lectures="no"/>
    <course id="c0061" teacher="t013" lectures="3" min_days="3" students="55" double_lectures="no"/>
    <course id="c0062" teacher="t014" lectures="3" min_days="3" students="55" double_lectures="no"/>
    <course id="c0069" teacher="t010" lectures="3" min_days="3" students="110" double_lectures="no"/>
    <course id="c0072" teacher="t015" lectures="3" min_days="3" students="127" double_lectures="no"/>
    <course id="c0074" teacher="t016" lectures="3" min_days="1" students="13" double_lectures="yes"/>
    <course id="c0088" teacher="t017" lectures="5" min_days="4" students="65" double_lectures="yes"/>
    <course id="c0095" teacher="t018" lectures="3" min_days="3" students="90" double_lectures="no"/>
    <course id="c0103" teacher="t019" lectures="3" min_days="3" students="80" double_lectures="no"/>
    <course id="c0106" teacher="t020" lectures="3" min_days="3" students="148" double_lectures="no"/>
    <course id="c0108" teacher="t021" lectures="3" min_days="3" students="90" double_lectures="no"/>
    <course id="c0110" teacher="t012" lectures="3" min_days="3" students="160" double_lectures="no"/>
    <course id="c0113" teacher="t022" lectures="3" min_days="3" students="125" double_lectures="no"/>
    <course id="c0115" teacher="t023" lectures="3" min_days="3" students="137" double_lectures="no"/>
    <course id="c0118" teacher="t024" lectures="3" min_days="3" students="33" double_lectures="no"/>
    <course id="c0127" teacher="t025" lectures="3" min_days="3" students="90" double_lectures="no"/>
    <course id="c0178" teacher="t026" lectures="3" min_days="3" students="90" double_lectures="no"/>
    <course id="c0191" teacher="t027" lectures="3" min_days="2" students="80" double_lectures="no"/>
    <course id="c0193" teacher="t028" lectures="3" min_days="3" students="106" double_lectures="no"/>
    <course id="c0195" teacher="t011" lectures="3" min_days="3" students="90" double_lectures="no"/>
    <course id="c0201" teacher="t029" lectures="3" min_days="2" students="105" double_lectures="yes"/>
    <course id="c0203" teacher="t030" lectures="3" min_days="3" students="75" double_lectures="no"/>
    <course id="c0206" teacher="t031" lectures="3" min_days="3" students="90" double_lectures="no"/>
    <course id="c0211" teacher="t032" lectures="4" min_days="3" students="130" double_lectures="no"/>
    <course id="c0213" teacher="t033" lectures="3" min_days="3" students="130" double_lectures="no"/>
    <course id="c0217" teacher="t034" lectures="3" min_days="3" students="98" double_lectures="no"/>
    <course id="c0219" teacher="t035" lectures="3" min_days="2" students="83" double_lectures="no"/>
    <course id="c0221" teacher="t036" lectures="3" min_days="3" students="98" double_lectures="no"/>
    <course id="c0225" teacher="t037" lectures="3" min_days="3" students="83" double_lectures="no"/>
    <course id="c0230" teacher="t038" lectures="3" min_days="3" students="113" double_lectures="no"/>
    <course id="c0232" teacher="t039" lectures="3" min_days="3" students="50" double_lectures="no"/>
    <course id="c0238" teacher="t040" lectures="3" min_days="3" students="130" double_lectures="no"/>
    <course id="c0252" teacher="t041" lectures="3" min_days="3" students="120" double_lectures="no"/>
    <course id="c0253" teacher="t042" lectures="3" min_days="3" students="85" double_lectures="no"/>
    <course id="c0257" teacher="t043" lectures="3" min_days="3" students="157" double_lectures="no"/>
    <course id="c0279" teacher="t031" lectures="3" min_days="3" students="105" double_lectures="no"/>
    <course id="c0411" teacher="t044" lectures="3" min_days="3" students="57" double_lectures="no"/>
    <course id="c0412" teacher="t045" lectures="3" min_days="3" students="20" double_lectures="no"/>
    <course id="c0417" teacher="t046" lectures="3" min_days="3" students="20" double_lectures="no"/>
    <course id="c0423" teacher="t044" lectures="3" min_days="3" students="40" double_lectures="no"/>
    <course id="c0428" teacher="t045" lectures="3" min_days="3" students="20" double_lectures="no"/>
    <course id="c0430" teacher="t038" lectures="3" min_days="3" students="68" double_lectures="no"/>
    <course id="c0432" teacher="t047" lectures="3" min_days="3" students="40" double_lectures="no"/>
    <course id="c0443" teacher="t048" lectures="3" min_days="3" students="20" double_lectures="no"/>
    <course id="c0444" teacher="t049" lectures="3" min_days="3" students="20" double_lectures="no"/>
    <course id="c0449" teacher="t042" lectures="3" min_days="3" students="20" double_lectures="no"/>
    <course id="c0455" teacher="t050" lectures="3" min_days="3" students="65" double_lectures="no"/>
    <course id="c0464" teacher="t051" lectures="3" min_days="2" students="65" double_lectures="yes"/>
    <course id="c0467" teacher="t052" lectures="3" min_days="3" students="15" double_lectures="no"/>
    <course id="c0478" teacher="t053" lectures="3" min_days="2" students="53" double_lectures="no"/>
    <course id="c0479" teacher="t009" lectures="3" min_days="3" students="37" double_lectures="no"/>
    <course id="c0487" teacher="t054" lectures="3" min_days="3" students="38" double_lectures="no"/>
    <course id="c0496" teacher="t055" lectures="3" min_days="3" students="31" double_lectures="no"/>
    <course id="c0497" teacher="t056" lectures="3" min_days="3" students="15" double_lectures="no"/>
    <course id="c0503" teacher="t057" lectures="3" min_days="2" students="31" double_lectures="yes"/>
    <course id="c0504" teacher="t058" lectures="3" min_days="3" students="15" double_lectures="no"/>
    <course id="c0512" teacher="t059" lectures="3" min_days="3" students="69" double_lectures="no"/>
    <course id="c0515" teacher="t060" lectures="3" min_days="3" students="99" double_lectures="no"/>
    <course id="c0520" teacher="t020" lectures="3" min_days="3" students="112" double_lectures="no"/>
    <course id="c0526" teacher="t022" lectures="3" min_days="3" students="26" double_lectures="no"/>
    <course id="c0530" teacher="t059" lectures="3" min_days="3" students="28" double_lectures="no"/>
    <course id="c0532" teacher="t061" lectures="3" min_days="3" students="26" double_lectures="no"/>
    <course id="c0534" teacher="t062" lectures="3" min_days="3" students="15" double_lectures="no"/>
    <course id="c0535" teacher="t063" lectures="3" min_days="3" students="15" double_lectures="no"/>
    <course id="c0537" teacher="t064" lectures="3" min_days="3" students="15" double_lectures="no"/>
    <course id="c0538" teacher="t064" lectures="3" min_days="3" students="15" double_lectures="no"/>
    <course id="c0539" teacher="t065" lectures="3" min_days="3" students="15" double_lectures="no"/>
    <course id="c0554" teacher="t066" lectures="3" min_days="3" students="4" double_lectures="no"/>
    <course id="c0722" teacher="t067" lectures="3" min_days="3" students="80" double_lectures="no"/>
    <course id="c0723" teacher="t068" lectures="3" min_days="3" students="10" double_lectures="no"/>
    <course id="c0725" teacher="t065" lectures="3" min_days="3" students="69" double_lectures="no"/>
    <course id="c0730" teacher="t008" lectures="3" min_days="3" students="8" double_lectures="no"/>
    <course id="c0737" teacher="t028" lectures="3" min_days="2" students="37" double_lectures="yes"/>
    <course id="c0742" teacher="t069" lectures="3" min_days="3" students="35" double_lectures="no"/>
    <course id="c0746" teacher="t055" lectures="3" min_days="3" students="100" double_lectures="no"/>
    <course id="c0769" teacher="t070" lectures="3" min_days="3" students="6" double_lectures="no"/>
    <course id="c0789" teacher="t071" lectures="3" min_days="3" students="12" double_lectures="no"/>
    <course id="c0794" teacher="t072" lectures="3" min_days="3" students="8" double_lectures="no"/>
    <course id="c0795" teacher="t071" lectures="3" min_days="3" students="23" double_lectures="no"/>
    <course id="c0804" teacher="t073" lectures="3" min_days="3" students="8" double_lectures="no"/>
    <course id="c0807" teacher="t074" lectures="3" min_days="3" students="8" double_lectures="no"/>
    <course id="c0808" teacher="t075" lectures="3" min_days="3" students="24" double_lectures="no"/>
    <course id="c0812" teacher="t076" lectures="3" min_days="3" students="17" double_lectures="no"/>
    <course id="c0813" teacher="t076" lectures="3" min_days="3" students="17" double_lectures="no"/>
    <course id="c0822" teacher="t077" lectures="3" min_days="3" students="4" double_lectures="no"/>
    <course id="c0835" teacher="t003" lectures="3" min_days="3" students="25" double_lectures="no"/>
    <course id="c0932" teacher="t078" lectures="3" min_days="3" students="90" double_lectures="no"/>
    <course id="c0936" teacher="t067" lectures="3" min_days="3" students="41" double_lectures="no"/>
    <course id="c0998" teacher="t079" lectures="3" min_days="3" students="88" double_lectures="no"/>
    <course id="c1053" teacher="t080" lectures="3" min_days="2" students="23" double_lectures="no"/>
    <course id="c1069" teacher="t056" lectures="3" min_days="3" students="20" double_lectures="no"/>
    <course id="c1077" teacher="t063" lectures="3" min_days="3" students="45" double_lectures="no"/>
    <course id="c1184" teacher="t081" lectures="3" min_days="3" students="41" double_lectures="no"/>
    <course id="c1001" teacher="t061" lectures="3" min_days="2" students="67" double_lectures="yes"/>
    <course id="c1022" teacher="t014" lectures="3" min_days="3" students="8" double_lectures="no"/>
  </courses>
  <rooms>
    <room id="r25" size="40" building="1"/>
    <room id="r36" size="42" building="1"/>
    <room id="r37" size="42" building="1"/>
    <room id="r38" size="48" building="1"/>
    <room id="r34" size="50" building="1"/>
    <room id="r27" size="65" building="1"/>
    <room id="rB" size="216" building="0"/>
    <room id="rD" size="216" building="0"/>
    <room id="rF" size="216" building="0"/>
    <room id="rG" size="216" building="0"/>
    <room id="rA" size="216" building="0"/>
    <room id="rL" size="216" building="0"/>
    <room id="rN" size="30" building="0"/>
    <room id="rEr1" size="70" building="2"/>
    <room id="rEr2" size="70" building="2"/>
    <room id="r52" size="60" building="3"/>
    <room id="r51" size="78" building="2"/>
  </rooms>
  <curricula>
    <curriculum id="q000">
      <course ref="c0095"/>
      <course ref="c0108"/>
      <course ref="c0127"/>
    </curriculum>
    <curriculum id="q001">
      <course ref="c0103"/>
      <course ref="c0110"/>
      <course ref="c0113"/>
      <course ref="c0722"/>
    </curriculum>
    <curriculum id="q002">
      <course ref="c0106"/>
      <course ref="c0115"/>
      <course ref="c0118"/>
      <course ref="c0998"/>
    </curriculum>
    <curriculum id="q003">
      <course ref="c0106"/>
      <course ref="c0115"/>
      <course ref="c0998"/>
      <course ref="c1077"/>
    </curriculum>
    <curriculum id="q004">
      <course ref="c0106"/>
      <course ref="c0115"/>
      <course ref="c0723"/>
      <course ref="c0998"/>
    </curriculum>
    <curriculum id="q005">
      <course ref="c0211"/>
      <course ref="c0213"/>
      <course ref="c0238"/>
    </curriculum>
    <curriculum id="q006">
      <course ref="c0007"/>
      <course ref="c0009"/>
      <course ref="c0230"/>
      <course ref="c0023"/>
    </curriculum>
    <curriculum id="q007">
      <course ref="c0230"/>
      <course ref="c0023"/>
      <course ref="c0217"/>
    </curriculum>
    <curriculum id="q008">
      <course ref="c0009"/>
      <course ref="c0023"/>
      <course ref="c0019"/>
    </curriculum>
    <curriculum id="q009">
      <course ref="c0015"/>
      <course ref="c0019"/>
      <course ref="c0020"/>
      <course ref="c0024"/>
    </curriculum>
    <curriculum id="q010">
      <course ref="c0019"/>
      <course ref="c0088"/>
      <course ref="c0221"/>
      <course ref="c0253"/>
    </curriculum>
    <curriculum id="q011">
      <course ref="c0015"/>
      <course ref="c0795"/>
      <course ref="c0769"/>
      <course ref="c0230"/>
    </curriculum>
    <curriculum id="q012">
      <course ref="c0044"/>
      <course ref="c0056"/>
      <course ref="c0069"/>
    </curriculum>
    <curriculum id="q013">
      <course ref="c0047"/>
      <course ref="c0053"/>
      <course ref="c0058"/>
      <course ref="c0746"/>
    </curriculum>
    <curriculum id="q014">
      <course ref="c0049"/>
      <course ref="c0061"/>
      <course ref="c0062"/>
      <course ref="c0742"/>
    </curriculum>
    <curriculum id="q015">
      <course ref="c0049"/>
      <course ref="c0061"/>
      <course ref="c0062"/>
      <course ref="c0074"/>
    </curriculum>
    <curriculum id="q016">
      <course ref="c0049"/>
      <course ref="c0061"/>
      <course ref="c0062"/>
      <course ref="c1069"/>
    </curriculum>
    <curriculum id="q017">
      <course ref="c0049"/>
      <course ref="c0061"/>
      <course ref="c0062"/>
      <course ref="c0072"/>
    </curriculum>
    <curriculum id="q019">
      <course ref="c0217"/>
      <course ref="c0219"/>
      <course ref="c0023"/>
      <course ref="c0230"/>
    </curriculum>
    <curriculum id="q020">
      <course ref="c0217"/>
      <course ref="c0219"/>
      <course ref="c0230"/>
      <course ref="c0769"/>
    </curriculum>
    <curriculum id="q021">
      <course ref="c0221"/>
      <course ref="c0225"/>
      <course ref="c0232"/>
      <course ref="c0088"/>
    </curriculum>
    <curriculum id="q022">
      <course ref="c0221"/>
      <course ref="c0225"/>
      <course ref="c0253"/>
      <course ref="c0932"/>
    </curriculum>
    <curriculum id="q023">
      <course ref="c0225"/>
      <course ref="c0221"/>
    </curriculum>
    <curriculum id="q024">
      <course ref="c0178"/>
      <course ref="c0195"/>
      <course ref="c0206"/>
    </curriculum>
    <curriculum id="q025">
      <course ref="c0252"/>
      <course ref="c0191"/>
      <course ref="c0110"/>
      <course ref="c0193"/>
    </curriculum>
    <curriculum id="q026">
      <course ref="c0257"/>
      <course ref="c0515"/>
      <course ref="c0201"/>
      <course ref="c0203"/>
    </curriculum>
    <curriculum id="q027">
      <course ref="c0257"/>
      <course ref="c0515"/>
      <course ref="c0201"/>
      <course ref="c0467"/>
    </curriculum>
    <curriculum id="q028">
      <course ref="c0257"/>
      <course ref="c0515"/>
      <course ref="c0201"/>
      <course ref="c0106"/>
    </curriculum>
    <curriculum id="q030">
      <course ref="c0252"/>
      <course ref="c0058"/>
      <course ref="c0047"/>
      <course ref="c0746"/>
    </curriculum>
    <curriculum id="q031">
      <course ref="c0257"/>
      <course ref="c0201"/>
      <course ref="c0072"/>
      <course ref="c0203"/>
    </curriculum>
    <curriculum id="q032">
      <course ref="c0257"/>
      <course ref="c0201"/>
      <course ref="c0072"/>
    </curriculum>
    <curriculum id="q033">
      <course ref="c0257"/>
      <course ref="c0201"/>
      <course ref="c0072"/>
      <course ref="c0279"/>
    </curriculum>
    <curriculum id="q034">
      <course ref="c0455"/>
      <course ref="c0478"/>
      <course ref="c1184"/>
      <course ref="c0503"/>
    </curriculum>
    <curriculum id="q035">
      <course ref="c0455"/>
      <course ref="c0478"/>
      <course ref="c1184"/>
      <course ref="c0503"/>
      <course ref="c0279"/>
    </curriculum>
    <curriculum id="q036">
      <course ref="c0115"/>
      <course ref="c0279"/>
      <course ref="c0455"/>
      <course ref="c0106"/>
    </curriculum>
    <curriculum id="q037">
      <course ref="c0115"/>
      <course ref="c0279"/>
      <course ref="c0455"/>
      <course ref="c0467"/>
    </curriculum>
    <curriculum id="q038">
      <course ref="c0464"/>
      <course ref="c0496"/>
      <course ref="c0279"/>
    </curriculum>
    <curriculum id="q039">
      <course ref="c0464"/>
      <course ref="c0496"/>
    </curriculum>
    <curriculum id="q040">
      <course ref="c0464"/>
      <course ref="c0072"/>
      <course ref="c0520"/>
      <course ref="c0113"/>
    </curriculum>
    <curriculum id="q041">
      <course ref="c0464"/>
      <course ref="c0554"/>
    </curriculum>
    <curriculum id="q042">
      <course ref="c0411"/>
      <course ref="c0412"/>
      <course ref="c0088"/>
      <course ref="c0417"/>
      <course ref="c0932"/>
    </curriculum>
    <curriculum id="q043">
      <course ref="c0411"/>
      <course ref="c0932"/>
      <course ref="c0432"/>
      <course ref="c0232"/>
      <course ref="c0015"/>
      <course ref="c0443"/>
    </curriculum>
    <curriculum id="q044">
      <course ref="c0423"/>
      <course ref="c0428"/>
      <course ref="c0430"/>
      <course ref="c0253"/>
      <course ref="c0432"/>
    </curriculum>
    <curriculum id="q045">
      <course ref="c0444"/>
      <course ref="c0423"/>
      <course ref="c0430"/>
      <course ref="c0449"/>
    </curriculum>
    <curriculum id="q046">
      <course ref="c0478"/>
      <course ref="c0479"/>
      <course ref="c0074"/>
    </curriculum>
    <curriculum id="q047">
      <course ref="c0478"/>
      <course ref="c0479"/>
      <course ref="c0497"/>
      <course ref="c1069"/>
    </curriculum>
    <curriculum id="q048">
      <course ref="c0478"/>
      <course ref="c0479"/>
      <course ref="c0072"/>
      <course ref="c0737"/>
    </curriculum>
    <curriculum id="q049">
      <course ref="c0487"/>
      <course ref="c0737"/>
      <course ref="c0730"/>
      <course ref="c1053"/>
    </curriculum>
    <curriculum id="q050">
      <course ref="c0487"/>
      <course ref="c0737"/>
      <course ref="c0496"/>
      <course ref="c1053"/>
      <course ref="c0279"/>
    </curriculum>
    <curriculum id="q051">
      <course ref="c0487"/>
      <course ref="c0504"/>
      <course ref="c0503"/>
      <course ref="c0279"/>
    </curriculum>
    <curriculum id="q052">
      <course ref="c0512"/>
      <course ref="c0725"/>
      <course ref="c0193"/>
      <course ref="c0515"/>
      <course ref="c0936"/>
    </curriculum>
    <curriculum id="q053">
      <course ref="c0512"/>
      <course ref="c0725"/>
      <course ref="c0430"/>
      <course ref="c0530"/>
    </curriculum>
    <curriculum id="q054">
      <course ref="c0512"/>
      <course ref="c0725"/>
      <course ref="c0535"/>
      <course ref="c0539"/>
      <course ref="c0936"/>
    </curriculum>
    <curriculum id="q055">
      <course ref="c0520"/>
      <course ref="c1001"/>
      <course ref="c0072"/>
      <course ref="c0257"/>
      <course ref="c0526"/>
    </curriculum>
    <curriculum id="q056">
      <course ref="c0520"/>
      <course ref="c1001"/>
      <course ref="c0257"/>
      <course ref="c0024"/>
      <course ref="c0532"/>
    </curriculum>
    <curriculum id="q057">
      <course ref="c0520"/>
      <course ref="c1001"/>
      <course ref="c0534"/>
      <course ref="c0537"/>
      <course ref="c0538"/>
    </curriculum>
    <curriculum id="q058">
      <course ref="c1184"/>
      <course ref="c0794"/>
      <course ref="c0795"/>
      <course ref="c0467"/>
      <course ref="c0835"/>
      <course ref="c1022"/>
    </curriculum>
    <curriculum id="q059">
      <course ref="c1184"/>
      <course ref="c0812"/>
      <course ref="c0813"/>
      <course ref="c0411"/>
      <course ref="c0835"/>
    </curriculum>
    <curriculum id="q060">
      <course ref="c1184"/>
      <course ref="c0795"/>
      <course ref="c0411"/>
      <course ref="c0812"/>
      <course ref="c0813"/>
      <course ref="c0835"/>
    </curriculum>
    <curriculum id="q061">
      <course ref="c0804"/>
      <course ref="c0807"/>
      <course ref="c0808"/>
    </curriculum>
    <curriculum id="q062">
      <course ref="c0808"/>
      <course ref="c0822"/>
    </curriculum>
    <curriculum id="q063">
      <course ref="c0789"/>
      <course ref="c0808"/>
    </curriculum>
  </curricula>
  <constraints>
    <constraint type="period" course="c0007">
      <timeslot day="0" period="0"/>
      <timeslot day="0" period="4"/>
      <timeslot day="1" period="0"/>
      <timeslot day="1" period="4"/>
      <timeslot day="2" period="0"/>
      <timeslot day="2" period="4"/>
      <timeslot day="3" period="0"/>
      <timeslot day="4" period="0"/>
    </constraint>
    <constraint type="period" course="c0015">
      <timeslot day="0" period="0"/>
      <timeslot day="0" period="2"/>
      <timeslot day="1" period="0"/>
      <timeslot day="1" period="2"/>
      <timeslot day="2" period="0"/>
      <timeslot day="2" period="2"/>
      <timeslot day="3" period="2"/>
      <timeslot day="4" period="2"/>
    </constraint>
    <constraint type="period" course="c0019">
      <timeslot day="0" period="0"/>
      <timeslot day="0" period="1"/>
      <timeslot day="0" period="2"/>
      <timeslot day="0" period="3"/>
      <timeslot day="0" period="4"/>
      <timeslot day="2" period="0"/>
      <timeslot day="2" period="1"/>
      <timeslot day="2" period="2"/>
    </constraint>
    <constraint type="period" course="c0020">
      <timeslot day="0" period="0"/>
      <timeslot day="0" period="1"/>
      <timeslot day="1" period="0"/>
      <timeslot day="2" period="0"/>
      <timeslot day="3" period="0"/>
      <timeslot day="4" period="0"/>
      <timeslot day="4" period="2"/>
      <timeslot day="4" period="3"/>
      <timeslot day="4" period="4"/>
    </constraint>
    <constraint type="period" course="c0044">
      <timeslot day="0" period="0"/>
      <timeslot day="3" period="0"/>
      <timeslot day="3" period="4"/>
      <timeslot day="4" period="0"/>
      <timeslot day="4" period="1"/>
      <timeslot day="4" period="2"/>
      <timeslot day="4" period="3"/>
      <timeslot day="4" period="4"/>
    </constraint>
    <constraint type="period" course="c0047">
      <timeslot day="0" period="0"/>
      <timeslot day="0" period="1"/>
      <timeslot day="0" period="2"/>
      <timeslot day="0" period="3"/>
      <timeslot day="0" period="4"/>
      <timeslot day="4" period="2"/>
      <timeslot day="4" period="3"/>
      <timeslot day="4" period="4"/>
    </constraint>
    <constraint type="period" course="c0049">
      <timeslot day="0" period="0"/>
      <timeslot day="0" period="1"/>
      <timeslot day="0" period="2"/>
      <timeslot day="0" period="3"/>
      <timeslot day="0" period="4"/>
      <timeslot day="4" period="2"/>
      <timeslot day="4" period="3"/>
      <timeslot day="4" period="4"/>
    </constraint>
    <constraint type="period" course="c0053">
      <timeslot day="4" period="0"/>
      <timeslot day="4" period="1"/>
      <timeslot day="4" period="2"/>
      <timeslot day="4" period="3"/>
      <timeslot day="4" period="4"/>
    </constraint>
    <constraint type="period" course="c0056">
      <timeslot day="0" period="2"/>
      <timeslot day="0" period="3"/>
      <timeslot day="0" period="4"/>
      <timeslot day="1" period="2"/>
      <timeslot day="1" period="3"/>
      <timeslot day="1" period="4"/>
      <timeslot day="2" period="2"/>
      <timeslot day="2" period="3"/>
      <timeslot day="2" period="4"/>
      <timeslot day="3" period="2"/>
      <timeslot day="3" period="3"/>
      <timeslot day="3" period="4"/>
      <timeslot day="4" period="2"/>
      <timeslot day="4" period="3"/>
      <timeslot day="4" period="4"/>
    </constraint>
    <constraint type="period" course="c0058">
      <timeslot day="0" period="0"/>
      <timeslot day="1" period="0"/>
      <timeslot day="2" period="0"/>
      <timeslot day="3" period="0"/>
      <timeslot day="3" period="1"/>
      <timeslot day="3" period="2"/>
      <timeslot day="3" period="3"/>
      <timeslot day="3" period="4"/>
      <timeslot day="4" period="0"/>
      <timeslot day="4" period="1"/>
      <timeslot day="4" period="2"/>
      <timeslot day="4" period="3"/>
      <timeslot day="4" period="4"/>
    </constraint>
    <constraint type="period" course="c0061">
      <timeslot day="0" period="0"/>
      <timeslot day="1" period="0"/>
      <timeslot day="2" period="0"/>
      <timeslot day="3" period="0"/>
      <timeslot day="4" period="0"/>
      <timeslot day="4" period="1"/>
      <timeslot day="4" period="2"/>
      <timeslot day="4" period="3"/>
    </constraint>
    <constraint type="period" course="c0069">
      <timeslot day="4" period="0"/>
      <timeslot day="4" period="1"/>
      <timeslot day="4" period="2"/>
      <timeslot day="4" period="3"/>
      <timeslot day="4" period="4"/>
    </constraint>
    <constraint type="period" course="c0072">
      <timeslot day="0" period="0"/>
      <timeslot day="0" period="1"/>
      <timeslot day="0" period="2"/>
      <timeslot day="0" period="3"/>
      <timeslot day="4" period="1"/>
      <timeslot day="4" period="2"/>
      <timeslot day="4" period="3"/>
      <timeslot day="4" period="4"/>
    </constraint>
    <constraint type="period" course="c0088">
      <timeslot day="0" period="0"/>
      <timeslot day="0" period="2"/>
      <timeslot day="1" period="2"/>
      <timeslot day="2" period="2"/>
      <timeslot day="3" period="2"/>
      <timeslot day="3" period="4"/>
      <timeslot day="4" period="2"/>
      <timeslot day="4" period="4"/>
    </constraint>
    <constraint type="period" course="c0103">
      <timeslot day="0" period="0"/>
      <timeslot day="0" period="2"/>
      <timeslot day="1" period="0"/>
      <timeslot day="1" period="2"/>
      <timeslot day="2" period="2"/>
      <timeslot day="3" period="2"/>
      <timeslot day="4" period="0"/>
      <timeslot day="4" period="2"/>
    </constraint>
    <constraint type="period" course="c0106">
      <timeslot day="0" period="0"/>
      <timeslot day="0" period="1"/>
      <timeslot day="0" period="2"/>
      <timeslot day="0" period="4"/>
      <timeslot day="1" period="0"/>
      <timeslot day="1" period="1"/>
      <timeslot day="1" period="2"/>
      <timeslot day="1" period="4"/>
      <timeslot day="2" period="0"/>
      <timeslot day="2" period="1"/>
      <timeslot day="2" period="2"/>
      <timeslot day="2" period="4"/>
      <timeslot day="3" period="0"/>
      <timeslot day="3" period="1"/>
      <timeslot day="3" period="2"/>
      <timeslot day="3" period="4"/>
      <timeslot day="4" period="0"/>
      <timeslot day="4" period="1"/>
      <timeslot day="4" period="2"/>
      <timeslot day="4" period="4"/>
    </constraint>
    <constraint type="period" course="c0108">
      <timeslot day="0" period="0"/>
      <timeslot day="0" period="1"/>
      <timeslot day="1" period="0"/>
      <timeslot day="2" period="0"/>
      <timeslot day="2" period="1"/>
      <timeslot day="3" period="0"/>
      <timeslot day="4" period="0"/>
      <timeslot day="4" period="1"/>
    </constraint>
    <constraint type="period" course="c0110">
      <timeslot day="0" period="0"/>
      <timeslot day="1" period="0"/>
      <timeslot day="2" period="0"/>
      <timeslot day="3" period="0"/>
      <timeslot day="3" period="1"/>
      <timeslot day="3" period="2"/>
      <timeslot day="3" period="3"/>
      <timeslot day="3" period="4"/>
      <timeslot day="4" period="0"/>
      <timeslot day="4" period="1"/>
      <timeslot day="4" period="2"/>
      <timeslot day="4" period="3"/>
      <timeslot day="4" period="4"/>
    </constraint>
    <constraint type="period" course="c0115">
      <timeslot day="1" period="2"/>
      <timeslot day="1" period="3"/>
      <timeslot day="1" period="4"/>
      <timeslot day="2" period="2"/>
      <timeslot day="2" period="3"/>
      <timeslot day="2" period="4"/>
    </constraint>
    <constraint type="period" course="c0118">
      <timeslot day="1" period="0"/>
      <timeslot day="1" period="1"/>
      <timeslot day="1" period="2"/>
      <timeslot day="1" period="3"/>
      <timeslot day="1" period="4"/>
      <timeslot day="4" period="2"/>
      <timeslot day="4" period="3"/>
      <timeslot day="4" period="4"/>
    </constraint>
    <constraint type="period" course="c0178">
      <timeslot day="0" period="2"/>
      <timeslot day="1" period="2"/>
      <timeslot day="2" period="2"/>
      <timeslot day="3" period="2"/>
      <timeslot day="4" period="2"/>
      <timeslot day="4" period="3"/>
      <timeslot day="4" period="4"/>
    </constraint>
    <constraint type="period" course="c0191">
      <timeslot day="0" period="0"/>
      <timeslot day="0" period="1"/>
      <timeslot day="0" period="2"/>
      <timeslot day="4" period="0"/>
      <timeslot day="4" period="1"/>
      <timeslot day="4" period="2"/>
      <timeslot day="4" period="3"/>
      <timeslot day="4" period="4"/>
    </constraint>
    <constraint type="period" course="c0193">
      <timeslot day="0" period="3"/>
      <timeslot day="0" period="4"/>
      <timeslot day="2" period="3"/>
      <timeslot day="2" period="4"/>
      <timeslot day="3" period="3"/>
      <timeslot day="3" period="4"/>
      <timeslot day="4" period="3"/>
      <timeslot day="4" period="4"/>
    </constraint>
    <constraint type="period" course="c0195">
      <timeslot day="0" period="2"/>
      <timeslot day="0" period="3"/>
      <timeslot day="0" period="4"/>
      <timeslot day="1" period="2"/>
      <timeslot day="1" period="3"/>
      <timeslot day="1" period="4"/>
      <timeslot day="2" period="2"/>
      <timeslot day="2" period="3"/>
      <timeslot day="2" period="4"/>
      <timeslot day="3" period="2"/>
      <timeslot day="3" period="3"/>
      <timeslot day="3" period="4"/>
      <timeslot day="4" period="2"/>
      <timeslot day="4" period="3"/>
      <timeslot day="4" period="4"/>
    </constraint>
    <constraint type="period" course="c0203">
      <timeslot day="0" period="0"/>
      <timeslot day="0" period="1"/>
      <timeslot day="0" period="2"/>
      <timeslot day="3" period="2"/>
      <timeslot day="3" period="3"/>
      <timeslot day="3" period="4"/>
      <timeslot day="4" period="0"/>
      <timeslot day="4" period="1"/>
      <timeslot day="4" period="2"/>
      <timeslot day="4" period="3"/>
      <timeslot day="4" period="4"/>
    </constraint>
    <constraint type="period" course="c0206">
      <timeslot day="0" period="4"/>
      <timeslot day="1" period="4"/>
      <timeslot day="2" period="4"/>
      <timeslot day="3" period="4"/>
      <timeslot day="4" period="4"/>
    </constraint>
    <constraint type="period" course="c0211">
      <timeslot day="0" period="2"/>
      <timeslot day="0" period="3"/>
      <timeslot day="0" period="4"/>
      <timeslot day="1" period="2"/>
      <timeslot day="1" period="3"/>
      <timeslot day="1" period="4"/>
      <timeslot day="2" period="2"/>
      <timeslot day="2" period="3"/>
      <timeslot day="2" period="4"/>
      <timeslot day="3" period="2"/>
      <timeslot day="3" period="3"/>
      <timeslot day="3" period="4"/>
      <timeslot day="4" period="2"/>
      <timeslot day="4" period="3"/>
      <timeslot day="4" period="4"/>
    </constraint>
    <constraint type="period" course="c0213">
      <timeslot day="0" period="0"/>
      <timeslot day="0" period="1"/>
      <timeslot day="0" period="2"/>
      <timeslot day="0" period="3"/>
      <timeslot day="1" period="4"/>
      <timeslot day="2" period="4"/>
      <timeslot day="3" period="4"/>
      <timeslot day="4" period="4"/>
    </constraint>
    <constraint type="period" course="c0219">
      <timeslot day="0" period="3"/>
      <timeslot day="0" period="4"/>
      <timeslot day="3" period="0"/>
      <timeslot day="3" period="3"/>
      <timeslot day="3" period="4"/>
      <timeslot day="4" period="4"/>
    </constraint>
    <constraint type="period" course="c0230">
      <timeslot day="0" period="2"/>
      <timeslot day="1" period="2"/>
      <timeslot day="2" period="2"/>
      <timeslot day="3" period="2"/>
      <timeslot day="4" period="2"/>
      <timeslot day="4" period="3"/>
      <timeslot day="4" period="4"/>
    </constraint>
    <constraint type="period" course="c0232">
      <timeslot day="0" period="2"/>
      <timeslot day="1" period="2"/>
      <timeslot day="2" period="2"/>
      <timeslot day="3" period="2"/>
      <timeslot day="4" period="2"/>
      <timeslot day="4" period="3"/>
      <timeslot day="4" period="4"/>
    </constraint>
    <constraint type="period" course="c0238">
      <timeslot day="0" period="1"/>
      <timeslot day="0" period="2"/>
      <timeslot day="1" period="1"/>
      <timeslot day="1" period="2"/>
      <timeslot day="2" period="1"/>
      <timeslot day="2" period="2"/>
      <timeslot day="3" period="1"/>
      <timeslot day="3" period="2"/>
      <timeslot day="4" period="1"/>
      <timeslot day="4" period="2"/>
    </constraint>
    <constraint type="period" course="c0252">
      <timeslot day="0" period="0"/>
      <timeslot day="1" period="0"/>
      <timeslot day="2" period="0"/>
      <timeslot day="2" period="1"/>
      <timeslot day="2" period="2"/>
      <timeslot day="2" period="3"/>
      <timeslot day="2" period="4"/>
      <timeslot day="3" period="0"/>
    </constraint>
    <constraint type="period" course="c0253">
      <timeslot day="0" period="0"/>
      <timeslot day="1" period="0"/>
      <timeslot day="3" period="0"/>
      <timeslot day="3" period="1"/>
      <timeslot day="3" period="2"/>
      <timeslot day="3" period="3"/>
      <timeslot day="3" period="4"/>
      <timeslot day="4" period="0"/>
      <timeslot day="4" period="1"/>
      <timeslot day="4" period="2"/>
      <timeslot day="4" period="3"/>
      <timeslot day="4" period="4"/>
    </constraint>
    <constraint type="period" course="c0257">
      <timeslot day="0" period="0"/>
      <timeslot day="0" period="1"/>
      <timeslot day="0" period="2"/>
      <timeslot day="0" period="3"/>
      <timeslot day="0" period="4"/>
      <timeslot day="4" period="0"/>
      <timeslot day="4" period="1"/>
      <timeslot day="4" period="2"/>
      <timeslot day="4" period="3"/>
      <timeslot day="4" period="4"/>
    </constraint>
    <constraint type="period" course="c0279">
      <timeslot day="0" period="4"/>
      <timeslot day="1" period="4"/>
      <timeslot day="2" period="4"/>
      <timeslot day="3" period="4"/>
      <timeslot day="4" period="4"/>
    </constraint>
    <constraint type="period" course="c0412">
      <timeslot day="0" period="0"/>
      <timeslot day="0" period="1"/>
      <timeslot day="0" period="4"/>
      <timeslot day="1" period="4"/>
      <timeslot day="2" period="4"/>
      <timeslot day="3" period="4"/>
      <timeslot day="4" period="0"/>
      <timeslot day="4" period="1"/>
      <timeslot day="4" period="4"/>
    </constraint>
    <constraint type="period" course="c0417">
      <timeslot day="0" period="0"/>
      <timeslot day="1" period="0"/>
      <timeslot day="2" period="0"/>
      <timeslot day="2" period="4"/>
      <timeslot day="3" period="0"/>
      <timeslot day="3" period="4"/>
      <timeslot day="4" period="0"/>
      <timeslot day="4" period="4"/>
    </constraint>
    <constraint type="period" course="c0428">
      <timeslot day="1" period="0"/>
      <timeslot day="1" period="1"/>
      <timeslot day="2" period="0"/>
      <timeslot day="2" period="1"/>
      <timeslot day="2" period="3"/>
      <timeslot day="2" period="4"/>
      <timeslot day="3" period="0"/>
      <timeslot day="3" period="1"/>
    </constraint>
    <constraint type="period" course="c0430">
      <timeslot day="0" period="2"/>
      <timeslot day="1" period="2"/>
      <timeslot day="2" period="2"/>
      <timeslot day="3" period="2"/>
      <timeslot day="4" period="2"/>
      <timeslot day="4" period="3"/>
      <timeslot day="4" period="4"/>
    </constraint>
    <constraint type="period" course="c0432">
      <timeslot day="0" period="2"/>
      <timeslot day="1" period="2"/>
      <timeslot day="2" period="2"/>
      <timeslot day="3" period="0"/>
      <timeslot day="3" period="1"/>
      <timeslot day="3" period="2"/>
      <timeslot day="3" period="3"/>
      <timeslot day="4" period="2"/>
    </constraint>
    <constraint type="period" course="c0443">
      <timeslot day="0" period="0"/>
      <timeslot day="0" period="1"/>
      <timeslot day="0" period="2"/>
      <timeslot day="0" period="3"/>
      <timeslot day="4" period="1"/>
      <timeslot day="4" period="2"/>
      <timeslot day="4" period="3"/>
      <timeslot day="4" period="4"/>
    </constraint>
    <constraint type="period" course="c0449">
      <timeslot day="0" period="0"/>
      <timeslot day="1" period="0"/>
      <timeslot day="3" period="0"/>
      <timeslot day="3" period="1"/>
      <timeslot day="3" period="2"/>
      <timeslot day="3" period="3"/>
      <timeslot day="3" period="4"/>
      <timeslot day="4" period="0"/>
      <timeslot day="4" period="1"/>
      <timeslot day="4" period="2"/>
      <timeslot day="4" period="3"/>
      <timeslot day="4" period="4"/>
    </constraint>
    <constraint type="period" course="c0479">
      <timeslot day="0" period="0"/>
      <timeslot day="0" period="1"/>
      <timeslot day="0" period="2"/>
      <timeslot day="0" period="3"/>
      <timeslot day="0" period="4"/>
      <timeslot day="4" period="2"/>
      <timeslot day="4" period="3"/>
      <timeslot day="4" period="4"/>
    </constraint>
    <constraint type="period" course="c0487">
      <timeslot day="0" period="0"/>
      <timeslot day="0" period="1"/>
      <timeslot day="0" period="2"/>
      <timeslot day="0" period="3"/>
      <timeslot day="0" period="4"/>
      <timeslot day="4" period="2"/>
      <timeslot day="4" period="3"/>
      <timeslot day="4" period="4"/>
    </constraint>
    <constraint type="period" course="c0496">
      <timeslot day="0" period="0"/>
      <timeslot day="1" period="0"/>
      <timeslot day="2" period="0"/>
      <timeslot day="2" period="4"/>
      <timeslot day="3" period="0"/>
      <timeslot day="3" period="4"/>
      <timeslot day="4" period="0"/>
      <timeslot day="4" period="4"/>
    </constraint>
    <constraint type="period" course="c0497">
      <timeslot day="4" period="3"/>
      <timeslot day="4" period="4"/>
    </constraint>
    <constraint type="period" course="c0503">
      <timeslot day="0" period="0"/>
      <timeslot day="0" period="1"/>
      <timeslot day="0" period="2"/>
      <timeslot day="0" period="3"/>
      <timeslot day="0" period="4"/>
      <timeslot day="1" period="0"/>
      <timeslot day="1" period="1"/>
      <timeslot day="1" period="2"/>
      <timeslot day="1" period="3"/>
      <timeslot day="1" period="4"/>
      <timeslot day="3" period="0"/>
      <timeslot day="3" period="1"/>
      <timeslot day="3" period="2"/>
      <timeslot day="3" period="3"/>
      <timeslot day="3" period="4"/>
    </constraint>
    <constraint type="period" course="c0512">
      <timeslot day="0" period="0"/>
      <timeslot day="1" period="0"/>
      <timeslot day="2" period="0"/>
      <timeslot day="3" period="0"/>
      <timeslot day="4" period="0"/>
    </constraint>
    <constraint type="period" course="c0515">
      <timeslot day="0" period="2"/>
      <timeslot day="0" period="4"/>
      <timeslot day="1" period="4"/>
      <timeslot day="2" period="4"/>
      <timeslot day="3" period="2"/>
      <timeslot day="3" period="4"/>
      <timeslot day="4" period="2"/>
      <timeslot day="4" period="4"/>
    </constraint>
    <constraint type="period" course="c0530">
      <timeslot day="0" period="0"/>
      <timeslot day="1" period="0"/>
      <timeslot day="2" period="0"/>
      <timeslot day="3" period="0"/>
      <timeslot day="4" period="0"/>
    </constraint>
    <constraint type="period" course="c0532">
      <timeslot day="0" period="2"/>
      <timeslot day="1" period="2"/>
      <timeslot day="2" period="2"/>
      <timeslot day="2" period="3"/>
      <timeslot day="2" period="4"/>
      <timeslot day="3" period="2"/>
      <timeslot day="4" period="2"/>
      <timeslot day="4" period="4"/>
    </constraint>
    <constraint type="period" course="c0534">
      <timeslot day="0" period="0"/>
      <timeslot day="0" period="1"/>
      <timeslot day="0" period="2"/>
      <timeslot day="0" period="3"/>
      <timeslot day="4" period="1"/>
      <timeslot day="4" period="2"/>
      <timeslot day="4" period="3"/>
      <timeslot day="4" period="4"/>
    </constraint>
    <constraint type="period" course="c0535">
      <timeslot day="3" period="0"/>
      <timeslot day="3" period="1"/>
      <timeslot day="3" period="2"/>
      <timeslot day="3" period="3"/>
      <timeslot day="3" period="4"/>
      <timeslot day="4" period="0"/>
      <timeslot day="4" period="1"/>
      <timeslot day="4" period="2"/>
      <timeslot day="4" period="3"/>
      <timeslot day="4" period="4"/>
    </constraint>
    <constraint type="period" course="c0539">
      <timeslot day="0" period="2"/>
      <timeslot day="1" period="2"/>
      <timeslot day="2" period="2"/>
      <timeslot day="3" period="2"/>
      <timeslot day="4" period="2"/>
    </constraint>
    <constraint type="period" course="c0554">
      <timeslot day="0" period="0"/>
      <timeslot day="0" period="1"/>
      <timeslot day="1" period="0"/>
      <timeslot day="2" period="0"/>
      <timeslot day="3" period="0"/>
      <timeslot day="4" period="0"/>
      <timeslot day="4" period="2"/>
      <timeslot day="4" period="3"/>
      <timeslot day="4" period="4"/>
    </constraint>
    <constraint type="period" course="c0722">
      <timeslot day="0" period="0"/>
      <timeslot day="0" period="1"/>
      <timeslot day="1" period="3"/>
      <timeslot day="1" period="4"/>
      <timeslot day="2" period="0"/>
      <timeslot day="2" period="1"/>
      <timeslot day="2" period="2"/>
      <timeslot day="2" period="3"/>
    </constraint>
    <constraint type="period" course="c0725">
      <timeslot day="0" period="2"/>
      <timeslot day="1" period="2"/>
      <timeslot day="2" period="2"/>
      <timeslot day="3" period="2"/>
      <timeslot day="4" period="2"/>
    </constraint>
    <constraint type="period" course="c0730">
      <timeslot day="0" period="0"/>
      <timeslot day="0" period="1"/>
      <timeslot day="0" period="2"/>
      <timeslot day="0" period="3"/>
      <timeslot day="0" period="4"/>
      <timeslot day="4" period="2"/>
      <timeslot day="4" period="3"/>
      <timeslot day="4" period="4"/>
    </constraint>
    <constraint type="period" course="c0737">
      <timeslot day="0" period="3"/>
      <timeslot day="0" period="4"/>
      <timeslot day="1" period="1"/>
      <timeslot day="2" period="3"/>
      <timeslot day="2" period="4"/>
      <timeslot day="3" period="3"/>
      <timeslot day="3" period="4"/>
      <timeslot day="4" period="3"/>
      <timeslot day="4" period="4"/>
    </constraint>
    <constraint type="period" course="c0742">
      <timeslot day="0" period="0"/>
      <timeslot day="0" period="1"/>
      <timeslot day="0" period="2"/>
      <timeslot day="0" period="3"/>
      <timeslot day="4" period="1"/>
      <timeslot day="4" period="2"/>
      <timeslot day="4" period="3"/>
      <timeslot day="4" period="4"/>
    </constraint>
    <constraint type="period" course="c0804">
      <timeslot day="0" period="2"/>
      <timeslot day="1" period="2"/>
      <timeslot day="2" period="2"/>
      <timeslot day="3" period="2"/>
      <timeslot day="4" period="0"/>
      <timeslot day="4" period="1"/>
      <timeslot day="4" period="2"/>
      <timeslot day="4" period="3"/>
      <timeslot day="4" period="4"/>
    </constraint>
    <constraint type="period" course="c0808">
      <timeslot day="0" period="0"/>
      <timeslot day="0" period="2"/>
      <timeslot day="1" period="2"/>
      <timeslot day="2" period="2"/>
      <timeslot day="3" period="2"/>
      <timeslot day="4" period="0"/>
      <timeslot day="4" period="2"/>
      <timeslot day="4" period="4"/>
    </constraint>
    <constraint type="period" course="c0835">
      <timeslot day="0" period="0"/>
      <timeslot day="0" period="1"/>
      <timeslot day="0" period="2"/>
      <timeslot day="0" period="3"/>
      <timeslot day="0" period="4"/>
      <timeslot day="2" period="0"/>
      <timeslot day="2" period="1"/>
      <timeslot day="2" period="2"/>
    </constraint>
    <constraint type="period" course="c0936">
      <timeslot day="0" period="0"/>
      <timeslot day="0" period="1"/>
      <timeslot day="1" period="3"/>
      <timeslot day="1" period="4"/>
      <timeslot day="2" period="0"/>
      <timeslot day="2" period="1"/>
      <timeslot day="2" period="2"/>
      <timeslot day="2" period="3"/>
    </constraint>
    <constraint type="period" course="c1053">
      <timeslot day="0" period="0"/>
      <timeslot day="0" period="1"/>
      <timeslot day="0" period="2"/>
      <timeslot day="0" period="3"/>
      <timeslot day="0" period="4"/>
      <timeslot day="3" period="0"/>
      <timeslot day="3" period="1"/>
      <timeslot day="3" period="2"/>
      <timeslot day="3" period="3"/>
      <timeslot day="3" period="4"/>
      <timeslot day="4" period="0"/>
      <timeslot day="4" period="1"/>
      <timeslot day="4" period="2"/>
      <timeslot day="4" period="3"/>
      <timeslot day="4" period="4"/>
    </constraint>
    <constraint type="period" course="c1069">
      <timeslot day="4" period="3"/>
      <timeslot day="4" period="4"/>
    </constraint>
    <constraint type="period" course="c1077">
      <timeslot day="3" period="0"/>
      <timeslot day="3" period="1"/>
      <timeslot day="3" period="2"/>
      <timeslot day="3" period="3"/>
      <timeslot day="3" period="4"/>
      <timeslot day="4" period="0"/>
      <timeslot day="4" period="1"/>
      <timeslot day="4" period="2"/>
      <timeslot day="4" period="3"/>
      <timeslot day="4" period="4"/>
    </constraint>
    <constraint type="period" course="c1184">
      <timeslot day="2" period="0"/>
      <timeslot day="2" period="1"/>
      <timeslot day="2" period="2"/>
      <timeslot day="2" period="3"/>
      <timeslot day="2" period="4"/>
      <timeslot day="4" period="2"/>
      <timeslot day="4" period="3"/>
      <timeslot day="4" period="4"/>
    </constraint>
    <constraint type="room" course="c0007">
      <room ref="r37"/>
      <room ref="rA"/>
      <room ref="rEr2"/>
    </constraint>
    <constraint type="room" course="c0009">
      <room ref="r25"/>
      <room ref="r27"/>
      <room ref="rEr2"/>
    </constraint>
    <constraint type="room" course="c0015">
      <room ref="rEr2"/>
    </constraint>
    <constraint type="room" course="c0019">
      <room ref="rEr1"/>
    </constraint>
    <constraint type="room" course="c0023">
      <room ref="r38"/>
      <room ref="rB"/>
    </constraint>
    <constraint type="room" course="c0024">
      <room ref="r38"/>
    </constraint>
    <constraint type="room" course="c0044">
      <room ref="r37"/>
    </constraint>
    <constraint type="room" course="c0053">
      <room ref="r37"/>
      <room ref="r27"/>
      <room ref="rB"/>
      <room ref="r52"/>
    </constraint>
    <constraint type="room" course="c0056">
      <room ref="rD"/>
      <room ref="rL"/>
    </constraint>
    <constraint type="room" course="c0058">
      <room ref="rEr2"/>
      <room ref="r51"/>
    </constraint>
    <constraint type="room" course="c0062">
      <room ref="rEr2"/>
    </constraint>
    <constraint type="room" course="c0069">
      <room ref="rA"/>
      <room ref="rL"/>
      <room ref="rN"/>
    </constraint>
    <constraint type="room" course="c0072">
      <room ref="r51"/>
    </constraint>
    <constraint type="room" course="c0074">
      <room ref="rA"/>
    </constraint>
    <constraint type="room" course="c0088">
      <room ref="rG"/>
    </constraint>
    <constraint type="room" course="c0103">
      <room ref="rB"/>
    </constraint>
    <constraint type="room" course="c0106">
      <room ref="rEr2"/>
    </constraint>
    <constraint type="room" course="c0113">
      <room ref="rB"/>
      <room ref="r52"/>
    </constraint>
    <constraint type="room" course="c0115">
      <room ref="r36"/>
      <room ref="rB"/>
      <room ref="rA"/>
      <room ref="r52"/>
      <room ref="r51"/>
    </constraint>
    <constraint type="room" course="c0118">
      <room ref="rD"/>
    </constraint>
    <constraint type="room" course="c0178">
      <room ref="rF"/>
      <room ref="rEr1"/>
    </constraint>
    <constraint type="room" course="c0191">
      <room ref="rF"/>
    </constraint>
    <constraint type="room" course="c0193">
      <room ref="r38"/>
    </constraint>
    <constraint type="room" course="c0195">
      <room ref="rA"/>
      <room ref="r51"/>
    </constraint>
    <constraint type="room" course="c0201">
      <room ref="rA"/>
      <room ref="r52"/>
    </constraint>
    <constraint type="room" course="c0206">
      <room ref="rF"/>
    </constraint>
    <constraint type="room" course="c0211">
      <room ref="rD"/>
    </constraint>
    <constraint type="room" course="c0213">
      <room ref="r38"/>
      <room ref="rF"/>
      <room ref="rL"/>
      <room ref="rEr1"/>
    </constraint>
    <constraint type="room" course="c0221">
      <room ref="r25"/>
    </constraint>
    <constraint type="room" course="c0225">
      <room ref="r27"/>
    </constraint>
    <constraint type="room" course="c0230">
      <room ref="rB"/>
      <room ref="r51"/>
    </constraint>
    <constraint type="room" course="c0232">
      <room ref="r37"/>
      <room ref="rG"/>
      <room ref="r52"/>
      <room ref="r51"/>
    </constraint>
    <constraint type="room" course="c0238">
      <room ref="rB"/>
      <room ref="rN"/>
    </constraint>
    <constraint type="room" course="c0252">
      <room ref="rL"/>
      <room ref="rEr2"/>
    </constraint>
    <constraint type="room" course="c0253">
      <room ref="rEr1"/>
    </constraint>
    <constraint type="room" course="c0257">
      <room ref="rEr1"/>
    </constraint>
    <constraint type="room" course="c0279">
      <room ref="rA"/>
    </constraint>
    <constraint type="room" course="c0412">
      <room ref="r37"/>
      <room ref="rB"/>
    </constraint>
    <constraint type="room" course="c0417">
      <room ref="rD"/>
      <room ref="rN"/>
    </constraint>
    <constraint type="room" course="c0430">
      <room ref="r34"/>
    </constraint>
    <constraint type="room" course="c0443">
      <room ref="rG"/>
    </constraint>
    <constraint type="room" course="c0455">
      <room ref="r25"/>
      <room ref="rD"/>
      <room ref="rEr2"/>
    </constraint>
    <constraint type="room" course="c0478">
      <room ref="r34"/>
      <room ref="rEr1"/>
    </constraint>
    <constraint type="room" course="c0479">
      <room ref="rF"/>
    </constraint>
    <constraint type="room" course="c0487">
      <room ref="r36"/>
      <room ref="rB"/>
      <room ref="rN"/>
    </constraint>
    <constraint type="room" course="c0496">
      <room ref="r34"/>
      <room ref="rEr1"/>
    </constraint>
    <constraint type="room" course="c0497">
      <room ref="rD"/>
    </constraint>
    <constraint type="room" course="c0504">
      <room ref="r38"/>
    </constraint>
    <constraint type="room" course="c0515">
      <room ref="r27"/>
    </constraint>
    <constraint type="room" course="c0520">
      <room ref="rD"/>
      <room ref="r51"/>
    </constraint>
    <constraint type="room" course="c0526">
      <room ref="rD"/>
      <room ref="rL"/>
    </constraint>
    <constraint type="room" course="c0530">
      <room ref="r27"/>
      <room ref="rG"/>
      <room ref="r52"/>
    </constraint>
    <constraint type="room" course="c0532">
      <room ref="rA"/>
      <room ref="rN"/>
    </constraint>
    <constraint type="room" course="c0534">
      <room ref="rF"/>
    </constraint>
    <constraint type="room" course="c0535">
      <room ref="rA"/>
    </constraint>
    <constraint type="room" course="c0538">
      <room ref="rEr1"/>
    </constraint>
    <constraint type="room" course="c0554">
      <room ref="r51"/>
    </constraint>
    <constraint type="room" course="c0722">
      <room ref="rF"/>
    </constraint>
    <constraint type="room" course="c0725">
      <room ref="r34"/>
    </constraint>
    <constraint type="room" course="c0730">
      <room ref="rA"/>
      <room ref="rEr1"/>
    </constraint>
    <constraint type="room" course="c0737">
      <room ref="r36"/>
      <room ref="rEr1"/>
    </constraint>
    <constraint type="room" course="c0742">
      <room ref="r34"/>
      <room ref="rD"/>
      <room ref="rA"/>
    </constraint>
    <constraint type="room" course="c0746">
      <room ref="rG"/>
      <room ref="r52"/>
    </constraint>
    <constraint type="room" course="c0769">
      <room ref="rF"/>
      <room ref="rG"/>
      <room ref="rEr2"/>
    </constraint>
    <constraint type="room" course="c0789">
      <room ref="r37"/>
    </constraint>
    <constraint type="room" course="c0794">
      <room ref="r36"/>
    </constraint>
    <constraint type="room" course="c0795">
      <room ref="r27"/>
    </constraint>
    <constraint type="room" course="c0804">
      <room ref="rN"/>
    </constraint>
    <constraint type="room" course="c0807">
      <room ref="rD"/>
    </constraint>
    <constraint type="room" course="c0812">
      <room ref="r37"/>
      <room ref="r38"/>
      <room ref="r52"/>
    </constraint>
    <constraint type="room" course="c0813">
      <room ref="r27"/>
    </constraint>
    <constraint type="room" course="c0835">
      <room ref="rG"/>
      <room ref="rA"/>
      <room ref="rL"/>
    </constraint>
    <constraint type="room" course="c0932">
      <room ref="r36"/>
      <room ref="rB"/>
      <room ref="rF"/>
      <room ref="rL"/>
    </constraint>
    <constraint type="room" course="c0998">
      <room ref="rEr1"/>
    </constraint>
    <constraint type="room" course="c1053">
      <room ref="r27"/>
      <room ref="rL"/>
    </constraint>
    <constraint type="room" course="c1069">
      <room ref="r37"/>
      <room ref="rD"/>
    </constraint>
    <constraint type="room" course="c1077">
      <room ref="rF"/>
    </constraint>
    <constraint type="room" course="c1184">
      <room ref="r36"/>
      <room ref="r38"/>
    </constraint>
    <constraint type="room" course="c1022">
      <room ref="rD"/>
      <room ref="rN"/>
      <room ref="rEr1"/>
    </constraint>
  </constraints>
</instance>
