<?xml version="1.0" encoding="UTF-8" standalone="no"?>
<!DOCTYPE instance SYSTEM "http://satt.diegm.uniud.it/ctt/cb_ctt.dtd">
<instance name="Ing0708-3">
  <descriptor>
    <days value="5"/>
    <periods_per_day value="5"/>
    <daily_lectures min="2" max="3"/>
  </descriptor>
  <courses>
    <course id="c0012" teacher="t000" lectures="3" min_days="3" students="27" double_lectures="no"/>
    <course id="c0013" teacher="t001" lectures="4" min_days="3" students="16" double_lectures="no"/>
    <course id="c0014" teacher="t002" lectures="3" min_days="3" students="28" double_lectures="no"/>
    <course id="c0035" teacher="t003" lectures="3" min_days="3" students="12" double_lectures="no"/>
    <course id="c0036" teacher="t004" lectures="3" min_days="3" students="15" double_lectures="no"/>
    <course id="c0045" teacher="t005" lectures="3" min_days="3" students="110" double_lectures="no"/>
    <course id="c0052" teacher="t006" lectures="3" min_days="3" students="172" double_lectures="no"/>
    <course id="c0055" teacher="t007" lectures="3" min_days="3" students="60" double_lectures="no"/>
    <course id="c0057" teacher="t008" lectures="3" min_days="3" students="60" double_lectures="no"/>
    <course id="c0060" teacher="t009" lectures="3" min_days="3" students="100" double_lectures="no"/>
    <course id="c0094" teacher="t010" lectures="3" min_days="3" students="90" double_lectures="no"/>
    <course id="c0098" teacher="t011" lectures="3" min_days="3" students="80" double_lectures="no"/>
    <course id="c0104" teacher="t012" lectures="3" min_days="3" students="80" double_lectures="no"/>
    <course id="c0107" teacher="t013" lectures="3" min_days="3" students="90" double_lectures="no"/>
    <course id="c0112" teacher="t014" lectures="3" min_days="3" students="90" double_lectures="no"/>
    <course id="c0114" teacher="t015" lectures="3" min_days="3" students="80" double_lectures="no"/>
    <course id="c0116" teacher="t006" lectures="3" min_days="3" students="72" double_lectures="no"/>
    <course id="c0117" teacher="t016" lectures="3" min_days="3" students="72" double_lectures="no"/>
    <course id="c0177" teacher="t017" lectures="3" min_days="3" students="80" double_lectures="no"/>
    <course id="c0179" teacher="t018" lectures="3" min_days="3" students="80" double_lectures="no"/>
    <course id="c0181" teacher="t019" lectures="3" min_days="3" students="130" double_lectures="no"/>
    <course id="c0196" teacher="t020" lectures="6" min_days="4" students="56" double_lectures="yes"/>
    <course id="c0198" teacher="t021" lectures="3" min_days="3" students="80" double_lectures="no"/>
    <course id="c0210" teacher="t022" lectures="3" min_days="3" students="130" double_lectures="no"/>
    <course id="c0214" teacher="t023" lectures="3" min_days="3" students="130" double_lectures="no"/>
    <course id="c0218" teacher="t024" lectures="3" min_days="3" students="105" double_lectures="no"/>
    <course id="c0223" teacher="t025" lectures="3" min_days="3" students="105" double_lectures="no"/>
    <course id="c0224" teacher="t026" lectures="3" min_days="3" students="126" double_lectures="no"/>
    <course id="c0226" teacher="t027" lectures="3" min_days="3" students="120" double_lectures="no"/>
    <course id="c0227" teacher="t028" lectures="3" min_days="3" students="80" double_lectures="no"/>
    <course id="c0233" teacher="t029" lectures="3" min_days="3" students="71" double_lectures="no"/>
    <course id="c0249" teacher="t030" lectures="3" min_days="3" students="75" double_lectures="no"/>
    <course id="c0254" teacher="t031" lectures="3" min_days="3" students="120" double_lectures="no"/>
    <course id="c0271" teacher="t032" lectures="3" min_days="3" students="120" double_lectures="no"/>
    <course id="c0409" teacher="t033" lectures="3" min_days="3" students="25" double_lectures="no"/>
    <course id="c0416" teacher="t029" lectures="3" min_days="3" students="37" double_lectures="no"/>
    <course id="c0420" teacher="t034" lectures="3" min_days="3" students="50" double_lectures="no"/>
    <course id="c0441" teacher="t035" lectures="5" min_days="4" students="69" double_lectures="no"/>
    <course id="c0456" teacher="t036" lectures="3" min_days="3" students="70" double_lectures="no"/>
    <course id="c0457" teacher="t037" lectures="3" min_days="3" students="74" double_lectures="no"/>
    <course id="c0465" teacher="t031" lectures="3" min_days="3" students="67" double_lectures="no"/>
    <course id="c0486" teacher="t038" lectures="3" min_days="2" students="40" double_lectures="no"/>
    <course id="c0489" teacher="t039" lectures="3" min_days="2" students="23" double_lectures="no"/>
    <course id="c0491" teacher="t040" lectures="3" min_days="1" students="8" double_lectures="no"/>
    <course id="c0498" teacher="t041" lectures="3" min_days="3" students="31" double_lectures="no"/>
    <course id="c0501" teacher="t042" lectures="3" min_days="3" students="15" double_lectures="no"/>
    <course id="c0506" teacher="t043" lectures="3" min_days="3" students="15" double_lectures="no"/>
    <course id="c0527" teacher="t044" lectures="3" min_days="3" students="37" double_lectures="no"/>
    <course id="c0670" teacher="t024" lectures="3" min_days="3" students="25" double_lectures="no"/>
    <course id="c0738" teacher="t045" lectures="3" min_days="2" students="24" double_lectures="no"/>
    <course id="c0745" teacher="t046" lectures="3" min_days="3" students="44" double_lectures="no"/>
    <course id="c0771" teacher="t047" lectures="3" min_days="3" students="10" double_lectures="no"/>
    <course id="c0773" teacher="t048" lectures="3" min_days="2" students="9" double_lectures="yes"/>
    <course id="c0779" teacher="t049" lectures="3" min_days="3" students="3" double_lectures="no"/>
    <course id="c0798" teacher="t050" lectures="5" min_days="4" students="8" double_lectures="no"/>
    <course id="c0814" teacher="t000" lectures="5" min_days="4" students="5" double_lectures="no"/>
    <course id="c0828" teacher="t051" lectures="3" min_days="3" students="16" double_lectures="no"/>
    <course id="c0933" teacher="t052" lectures="3" min_days="3" students="25" double_lectures="no"/>
    <course id="c1007" teacher="t053" lectures="3" min_days="3" students="110" double_lectures="no"/>
    <course id="c1148" teacher="t054" lectures="3" min_days="3" students="12" double_lectures="no"/>
    <course id="c0741" teacher="t055" lectures="6" min_days="4" students="65" double_lectures="no"/>
    <course id="c0510" teacher="t056" lectures="5" min_days="4" students="72" double_lectures="yes"/>
  </courses>
  <rooms>
    <room id="r25" size="40" building="0"/>
    <room id="r36" size="42" building="0"/>
    <room id="r37" size="42" building="0"/>
    <room id="r38" size="48" building="0"/>
    <room id="r34" size="50" building="0"/>
    <room id="r27" size="65" building="0"/>
    <room id="B" size="216" building="0"/>
    <room id="D" size="216" building="0"/>
    <room id="F" size="216" building="0"/>
    <room id="G" size="216" building="0"/>
    <room id="A" size="216" building="0"/>
    <room id="L" size="216" building="0"/>
    <room id="N" size="30" building="0"/>
    <room id="Er1" size="70" building="0"/>
    <room id="Er2" size="70" building="0"/>
    <room id="r51" size="78" building="0"/>
  </rooms>
  <curricula>
    <curriculum id="q000">
      <course ref="c0094"/>
      <course ref="c0107"/>
      <course ref="c0112"/>
    </curriculum>
    <curriculum id="q001">
      <course ref="c0098"/>
      <course ref="c0104"/>
      <course ref="c0114"/>
    </curriculum>
    <curriculum id="q002">
      <course ref="c0116"/>
      <course ref="c0117"/>
    </curriculum>
    <curriculum id="q003">
      <course ref="c0210"/>
      <course ref="c0214"/>
      <course ref="c0226"/>
    </curriculum>
    <curriculum id="q004">
      <course ref="c0210"/>
      <course ref="c0214"/>
      <course ref="c0771"/>
    </curriculum>
    <curriculum id="q005">
      <course ref="c0224"/>
      <course ref="c0012"/>
      <course ref="c0013"/>
      <course ref="c0014"/>
    </curriculum>
    <curriculum id="q006">
      <course ref="c0224"/>
      <course ref="c0012"/>
      <course ref="c0223"/>
      <course ref="c0218"/>
    </curriculum>
    <curriculum id="q007">
      <course ref="c0224"/>
      <course ref="c0773"/>
      <course ref="c0013"/>
      <course ref="c0014"/>
    </curriculum>
    <curriculum id="q008">
      <course ref="c0035"/>
      <course ref="c0036"/>
    </curriculum>
    <curriculum id="q009">
      <course ref="c0441"/>
      <course ref="c0014"/>
    </curriculum>
    <curriculum id="q010">
      <course ref="c0779"/>
      <course ref="c0036"/>
    </curriculum>
    <curriculum id="q011">
      <course ref="c0045"/>
      <course ref="c0057"/>
      <course ref="c1007"/>
    </curriculum>
    <curriculum id="q012">
      <course ref="c0052"/>
      <course ref="c0055"/>
      <course ref="c0060"/>
    </curriculum>
    <curriculum id="q013">
      <course ref="c0741"/>
    </curriculum>
    <curriculum id="q016">
      <course ref="c0218"/>
      <course ref="c0223"/>
      <course ref="c0224"/>
    </curriculum>
    <curriculum id="q017">
      <course ref="c0224"/>
      <course ref="c0773"/>
    </curriculum>
    <curriculum id="q018">
      <course ref="c0227"/>
      <course ref="c0233"/>
    </curriculum>
    <curriculum id="q019">
      <course ref="c0227"/>
      <course ref="c0249"/>
    </curriculum>
    <curriculum id="q020">
      <course ref="c0177"/>
      <course ref="c0179"/>
      <course ref="c0181"/>
    </curriculum>
    <curriculum id="q021">
      <course ref="c0254"/>
      <course ref="c0271"/>
      <course ref="c0198"/>
    </curriculum>
    <curriculum id="q022">
      <course ref="c0196"/>
    </curriculum>
    <curriculum id="q023">
      <course ref="c1007"/>
      <course ref="c0045"/>
      <course ref="c0181"/>
    </curriculum>
    <curriculum id="q024">
      <course ref="c0254"/>
      <course ref="c0060"/>
      <course ref="c0052"/>
      <course ref="c0271"/>
    </curriculum>
    <curriculum id="q026">
      <course ref="c0745"/>
    </curriculum>
    <curriculum id="q027">
      <course ref="c0456"/>
      <course ref="c0745"/>
    </curriculum>
    <curriculum id="q028">
      <course ref="c0456"/>
      <course ref="c0745"/>
      <course ref="c0741"/>
    </curriculum>
    <curriculum id="q029">
      <course ref="c0456"/>
    </curriculum>
    <curriculum id="q030">
      <course ref="c0456"/>
      <course ref="c0465"/>
      <course ref="c0498"/>
    </curriculum>
    <curriculum id="q031">
      <course ref="c0456"/>
      <course ref="c0741"/>
    </curriculum>
    <curriculum id="q032">
      <course ref="c0456"/>
      <course ref="c0457"/>
    </curriculum>
    <curriculum id="q033">
      <course ref="c0456"/>
      <course ref="c0457"/>
      <course ref="c0196"/>
    </curriculum>
    <curriculum id="q034">
      <course ref="c0465"/>
    </curriculum>
    <curriculum id="q035">
      <course ref="c0465"/>
      <course ref="c0498"/>
      <course ref="c0489"/>
    </curriculum>
    <curriculum id="q037">
      <course ref="c0409"/>
      <course ref="c0670"/>
      <course ref="c0420"/>
      <course ref="c0416"/>
      <course ref="c0249"/>
    </curriculum>
    <curriculum id="q038">
      <course ref="c0420"/>
      <course ref="c0933"/>
      <course ref="c0441"/>
      <course ref="c0233"/>
    </curriculum>
    <curriculum id="q039">
      <course ref="c0441"/>
    </curriculum>
    <curriculum id="q040">
      <course ref="c0486"/>
      <course ref="c0738"/>
      <course ref="c0745"/>
      <course ref="c0741"/>
    </curriculum>
    <curriculum id="q041">
      <course ref="c0486"/>
      <course ref="c0745"/>
      <course ref="c0741"/>
    </curriculum>
    <curriculum id="q042">
      <course ref="c0486"/>
      <course ref="c0506"/>
      <course ref="c0745"/>
      <course ref="c0741"/>
    </curriculum>
    <curriculum id="q043">
      <course ref="c0486"/>
      <course ref="c0738"/>
      <course ref="c0745"/>
    </curriculum>
    <curriculum id="q044">
      <course ref="c0486"/>
      <course ref="c0745"/>
    </curriculum>
    <curriculum id="q045">
      <course ref="c0486"/>
      <course ref="c0506"/>
      <course ref="c0745"/>
    </curriculum>
    <curriculum id="q046">
      <course ref="c0491"/>
      <course ref="c0457"/>
      <course ref="c0489"/>
    </curriculum>
    <curriculum id="q047">
      <course ref="c0498"/>
      <course ref="c0738"/>
    </curriculum>
    <curriculum id="q048">
      <course ref="c0501"/>
      <course ref="c0457"/>
    </curriculum>
    <curriculum id="q049">
      <course ref="c0052"/>
      <course ref="c0510"/>
      <course ref="c0117"/>
      <course ref="c0116"/>
    </curriculum>
    <curriculum id="q050">
      <course ref="c0052"/>
      <course ref="c0510"/>
      <course ref="c0527"/>
      <course ref="c0117"/>
      <course ref="c0116"/>
    </curriculum>
    <curriculum id="q051">
      <course ref="c0052"/>
      <course ref="c0510"/>
    </curriculum>
    <curriculum id="q053">
      <course ref="c0052"/>
      <course ref="c0510"/>
      <course ref="c0527"/>
    </curriculum>
    <curriculum id="q054">
      <course ref="c0798"/>
    </curriculum>
    <curriculum id="q055">
      <course ref="c0814"/>
    </curriculum>
    <curriculum id="q056">
      <course ref="c0441"/>
      <course ref="c0828"/>
      <course ref="c1148"/>
    </curriculum>
    <curriculum id="q057">
      <course ref="c0527"/>
    </curriculum>
    <curriculum id="q058">
      <course ref="c0233"/>
      <course ref="c0828"/>
    </curriculum>
    <curriculum id="q059">
      <course ref="c0233"/>
      <course ref="c0416"/>
    </curriculum>
  </curricula>
  <constraints>
    <constraint type="period" course="c0012">
      <timeslot day="4" period="2"/>
      <timeslot day="4" period="3"/>
      <timeslot day="4" period="4"/>
    </constraint>
    <constraint type="period" course="c0013">
      <timeslot day="0" period="2"/>
      <timeslot day="0" period="3"/>
      <timeslot day="0" period="4"/>
      <timeslot day="1" period="2"/>
      <timeslot day="1" period="3"/>
      <timeslot day="1" period="4"/>
      <timeslot day="2" period="2"/>
      <timeslot day="2" period="3"/>
      <timeslot day="2" period="4"/>
      <timeslot day="3" period="2"/>
      <timeslot day="3" period="3"/>
      <timeslot day="3" period="4"/>
      <timeslot day="4" period="2"/>
      <timeslot day="4" period="3"/>
      <timeslot day="4" period="4"/>
    </constraint>
    <constraint type="period" course="c0014">
      <timeslot day="0" period="2"/>
      <timeslot day="1" period="2"/>
      <timeslot day="2" period="2"/>
      <timeslot day="3" period="2"/>
      <timeslot day="4" period="0"/>
      <timeslot day="4" period="1"/>
      <timeslot day="4" period="2"/>
      <timeslot day="4" period="3"/>
      <timeslot day="4" period="4"/>
    </constraint>
    <constraint type="period" course="c0036">
      <timeslot day="0" period="0"/>
      <timeslot day="0" period="4"/>
      <timeslot day="1" period="0"/>
      <timeslot day="1" period="4"/>
      <timeslot day="2" period="0"/>
      <timeslot day="2" period="4"/>
      <timeslot day="3" period="0"/>
      <timeslot day="3" period="4"/>
      <timeslot day="4" period="0"/>
      <timeslot day="4" period="4"/>
    </constraint>
    <constraint type="period" course="c0045">
      <timeslot day="0" period="0"/>
      <timeslot day="0" period="4"/>
      <timeslot day="1" period="0"/>
      <timeslot day="1" period="4"/>
      <timeslot day="2" period="4"/>
      <timeslot day="3" period="0"/>
      <timeslot day="3" period="4"/>
      <timeslot day="4" period="0"/>
      <timeslot day="4" period="1"/>
      <timeslot day="4" period="2"/>
      <timeslot day="4" period="3"/>
      <timeslot day="4" period="4"/>
    </constraint>
    <constraint type="period" course="c0052">
      <timeslot day="0" period="0"/>
      <timeslot day="1" period="2"/>
      <timeslot day="1" period="3"/>
      <timeslot day="1" period="4"/>
      <timeslot day="2" period="0"/>
      <timeslot day="2" period="1"/>
      <timeslot day="2" period="2"/>
      <timeslot day="2" period="4"/>
      <timeslot day="3" period="4"/>
    </constraint>
    <constraint type="period" course="c0055">
      <timeslot day="0" period="0"/>
      <timeslot day="0" period="4"/>
      <timeslot day="1" period="4"/>
      <timeslot day="2" period="4"/>
      <timeslot day="3" period="0"/>
      <timeslot day="3" period="4"/>
      <timeslot day="4" period="0"/>
      <timeslot day="4" period="4"/>
    </constraint>
    <constraint type="period" course="c0057">
      <timeslot day="0" period="0"/>
      <timeslot day="0" period="4"/>
      <timeslot day="1" period="0"/>
      <timeslot day="1" period="4"/>
      <timeslot day="2" period="0"/>
      <timeslot day="2" period="4"/>
      <timeslot day="3" period="0"/>
      <timeslot day="3" period="4"/>
      <timeslot day="4" period="0"/>
      <timeslot day="4" period="3"/>
      <timeslot day="4" period="4"/>
    </constraint>
    <constraint type="period" course="c0094">
      <timeslot day="0" period="3"/>
      <timeslot day="0" period="4"/>
      <timeslot day="1" period="3"/>
      <timeslot day="1" period="4"/>
      <timeslot day="2" period="3"/>
      <timeslot day="2" period="4"/>
      <timeslot day="3" period="3"/>
      <timeslot day="3" period="4"/>
      <timeslot day="4" period="3"/>
      <timeslot day="4" period="4"/>
    </constraint>
    <constraint type="period" course="c0098">
      <timeslot day="0" period="0"/>
      <timeslot day="0" period="1"/>
      <timeslot day="0" period="2"/>
      <timeslot day="0" period="3"/>
      <timeslot day="0" period="4"/>
    </constraint>
    <constraint type="period" course="c0104">
      <timeslot day="0" period="2"/>
      <timeslot day="1" period="2"/>
      <timeslot day="2" period="2"/>
      <timeslot day="3" period="2"/>
      <timeslot day="4" period="0"/>
      <timeslot day="4" period="1"/>
      <timeslot day="4" period="2"/>
      <timeslot day="4" period="3"/>
    </constraint>
    <constraint type="period" course="c0107">
      <timeslot day="0" period="4"/>
      <timeslot day="1" period="4"/>
      <timeslot day="2" period="4"/>
      <timeslot day="3" period="4"/>
      <timeslot day="4" period="3"/>
      <timeslot day="4" period="4"/>
    </constraint>
    <constraint type="period" course="c0112">
      <timeslot day="0" period="4"/>
      <timeslot day="1" period="4"/>
      <timeslot day="2" period="4"/>
      <timeslot day="3" period="0"/>
      <timeslot day="3" period="1"/>
      <timeslot day="3" period="2"/>
      <timeslot day="3" period="3"/>
      <timeslot day="3" period="4"/>
      <timeslot day="4" period="0"/>
      <timeslot day="4" period="1"/>
      <timeslot day="4" period="2"/>
      <timeslot day="4" period="3"/>
      <timeslot day="4" period="4"/>
    </constraint>
    <constraint type="period" course="c0114">
      <timeslot day="0" period="0"/>
      <timeslot day="1" period="0"/>
      <timeslot day="2" period="3"/>
      <timeslot day="2" period="4"/>
      <timeslot day="3" period="0"/>
      <timeslot day="3" period="1"/>
      <timeslot day="3" period="2"/>
      <timeslot day="3" period="3"/>
      <timeslot day="3" period="4"/>
      <timeslot day="4" period="0"/>
    </constraint>
    <constraint type="period" course="c0116">
      <timeslot day="0" period="0"/>
      <timeslot day="1" period="2"/>
      <timeslot day="1" period="3"/>
      <timeslot day="1" period="4"/>
      <timeslot day="2" period="0"/>
      <timeslot day="2" period="1"/>
      <timeslot day="2" period="2"/>
      <timeslot day="2" period="4"/>
      <timeslot day="3" period="4"/>
    </constraint>
    <constraint type="period" course="c0117">
      <timeslot day="0" period="2"/>
      <timeslot day="1" period="2"/>
      <timeslot day="2" period="2"/>
      <timeslot day="2" period="3"/>
      <timeslot day="2" period="4"/>
      <timeslot day="3" period="2"/>
      <timeslot day="4" period="2"/>
      <timeslot day="4" period="3"/>
      <timeslot day="4" period="4"/>
    </constraint>
    <constraint type="period" course="c0177">
      <timeslot day="0" period="0"/>
      <timeslot day="0" period="2"/>
      <timeslot day="0" period="4"/>
      <timeslot day="1" period="0"/>
      <timeslot day="1" period="2"/>
      <timeslot day="1" period="4"/>
      <timeslot day="2" period="2"/>
      <timeslot day="2" period="4"/>
      <timeslot day="3" period="2"/>
      <timeslot day="3" period="4"/>
      <timeslot day="4" period="0"/>
      <timeslot day="4" period="2"/>
      <timeslot day="4" period="3"/>
      <timeslot day="4" period="4"/>
    </constraint>
    <constraint type="period" course="c0179">
      <timeslot day="0" period="0"/>
      <timeslot day="0" period="2"/>
      <timeslot day="0" period="4"/>
      <timeslot day="1" period="2"/>
      <timeslot day="1" period="4"/>
      <timeslot day="2" period="2"/>
      <timeslot day="2" period="4"/>
      <timeslot day="3" period="0"/>
      <timeslot day="3" period="2"/>
      <timeslot day="3" period="4"/>
      <timeslot day="4" period="0"/>
      <timeslot day="4" period="2"/>
      <timeslot day="4" period="3"/>
      <timeslot day="4" period="4"/>
    </constraint>
    <constraint type="period" course="c0181">
      <timeslot day="0" period="0"/>
      <timeslot day="0" period="2"/>
      <timeslot day="0" period="4"/>
      <timeslot day="1" period="0"/>
      <timeslot day="1" period="2"/>
      <timeslot day="1" period="4"/>
      <timeslot day="2" period="0"/>
      <timeslot day="2" period="2"/>
      <timeslot day="2" period="4"/>
      <timeslot day="3" period="0"/>
      <timeslot day="3" period="2"/>
      <timeslot day="3" period="4"/>
      <timeslot day="4" period="0"/>
      <timeslot day="4" period="2"/>
      <timeslot day="4" period="3"/>
      <timeslot day="4" period="4"/>
    </constraint>
    <constraint type="period" course="c0196">
      <timeslot day="0" period="0"/>
      <timeslot day="0" period="1"/>
      <timeslot day="0" period="2"/>
      <timeslot day="4" period="0"/>
      <timeslot day="4" period="1"/>
      <timeslot day="4" period="2"/>
      <timeslot day="4" period="3"/>
      <timeslot day="4" period="4"/>
    </constraint>
    <constraint type="period" course="c0198">
      <timeslot day="0" period="0"/>
      <timeslot day="0" period="1"/>
      <timeslot day="0" period="2"/>
      <timeslot day="0" period="3"/>
      <timeslot day="0" period="4"/>
      <timeslot day="1" period="2"/>
      <timeslot day="2" period="2"/>
      <timeslot day="2" period="3"/>
      <timeslot day="2" period="4"/>
      <timeslot day="3" period="2"/>
      <timeslot day="3" period="3"/>
      <timeslot day="3" period="4"/>
      <timeslot day="4" period="2"/>
      <timeslot day="4" period="4"/>
    </constraint>
    <constraint type="period" course="c0210">
      <timeslot day="0" period="2"/>
      <timeslot day="0" period="3"/>
      <timeslot day="0" period="4"/>
      <timeslot day="1" period="2"/>
      <timeslot day="1" period="3"/>
      <timeslot day="1" period="4"/>
      <timeslot day="2" period="2"/>
      <timeslot day="2" period="3"/>
      <timeslot day="2" period="4"/>
      <timeslot day="3" period="2"/>
      <timeslot day="3" period="3"/>
      <timeslot day="3" period="4"/>
      <timeslot day="4" period="2"/>
      <timeslot day="4" period="3"/>
      <timeslot day="4" period="4"/>
    </constraint>
    <constraint type="period" course="c0214">
      <timeslot day="0" period="4"/>
      <timeslot day="1" period="2"/>
      <timeslot day="1" period="3"/>
      <timeslot day="1" period="4"/>
      <timeslot day="2" period="4"/>
      <timeslot day="3" period="4"/>
      <timeslot day="4" period="0"/>
      <timeslot day="4" period="1"/>
      <timeslot day="4" period="2"/>
      <timeslot day="4" period="3"/>
      <timeslot day="4" period="4"/>
    </constraint>
    <constraint type="period" course="c0218">
      <timeslot day="4" period="2"/>
      <timeslot day="4" period="3"/>
      <timeslot day="4" period="4"/>
    </constraint>
    <constraint type="period" course="c0223">
      <timeslot day="0" period="0"/>
      <timeslot day="0" period="2"/>
      <timeslot day="1" period="2"/>
      <timeslot day="2" period="2"/>
      <timeslot day="3" period="2"/>
      <timeslot day="4" period="0"/>
      <timeslot day="4" period="2"/>
      <timeslot day="4" period="4"/>
    </constraint>
    <constraint type="period" course="c0224">
      <timeslot day="1" period="4"/>
      <timeslot day="2" period="4"/>
      <timeslot day="3" period="4"/>
      <timeslot day="4" period="0"/>
      <timeslot day="4" period="1"/>
      <timeslot day="4" period="2"/>
      <timeslot day="4" period="3"/>
      <timeslot day="4" period="4"/>
    </constraint>
    <constraint type="period" course="c0226">
      <timeslot day="0" period="4"/>
      <timeslot day="1" period="4"/>
      <timeslot day="2" period="0"/>
      <timeslot day="2" period="1"/>
      <timeslot day="2" period="2"/>
      <timeslot day="2" period="3"/>
      <timeslot day="2" period="4"/>
      <timeslot day="3" period="0"/>
      <timeslot day="3" period="1"/>
      <timeslot day="3" period="2"/>
      <timeslot day="3" period="4"/>
      <timeslot day="4" period="3"/>
      <timeslot day="4" period="4"/>
    </constraint>
    <constraint type="period" course="c0227">
      <timeslot day="0" period="0"/>
      <timeslot day="0" period="1"/>
      <timeslot day="0" period="2"/>
      <timeslot day="0" period="3"/>
      <timeslot day="4" period="1"/>
      <timeslot day="4" period="2"/>
      <timeslot day="4" period="3"/>
      <timeslot day="4" period="4"/>
    </constraint>
    <constraint type="period" course="c0254">
      <timeslot day="3" period="0"/>
      <timeslot day="3" period="1"/>
      <timeslot day="3" period="2"/>
      <timeslot day="3" period="3"/>
      <timeslot day="3" period="4"/>
    </constraint>
    <constraint type="period" course="c0271">
      <timeslot day="0" period="0"/>
      <timeslot day="0" period="4"/>
      <timeslot day="1" period="0"/>
      <timeslot day="2" period="0"/>
      <timeslot day="3" period="0"/>
      <timeslot day="3" period="4"/>
      <timeslot day="4" period="0"/>
      <timeslot day="4" period="4"/>
    </constraint>
    <constraint type="period" course="c0420">
      <timeslot day="0" period="0"/>
      <timeslot day="0" period="1"/>
      <timeslot day="0" period="2"/>
      <timeslot day="0" period="3"/>
      <timeslot day="0" period="4"/>
      <timeslot day="1" period="0"/>
      <timeslot day="1" period="1"/>
      <timeslot day="1" period="2"/>
    </constraint>
    <constraint type="period" course="c0441">
      <timeslot day="1" period="2"/>
      <timeslot day="2" period="2"/>
      <timeslot day="3" period="0"/>
      <timeslot day="3" period="1"/>
      <timeslot day="3" period="2"/>
      <timeslot day="3" period="3"/>
      <timeslot day="3" period="4"/>
      <timeslot day="4" period="2"/>
      <timeslot day="4" period="3"/>
      <timeslot day="4" period="4"/>
    </constraint>
    <constraint type="period" course="c0456">
      <timeslot day="0" period="0"/>
      <timeslot day="0" period="1"/>
      <timeslot day="0" period="2"/>
      <timeslot day="0" period="3"/>
      <timeslot day="0" period="4"/>
      <timeslot day="4" period="0"/>
      <timeslot day="4" period="1"/>
      <timeslot day="4" period="2"/>
      <timeslot day="4" period="3"/>
      <timeslot day="4" period="4"/>
    </constraint>
    <constraint type="period" course="c0457">
      <timeslot day="0" period="2"/>
      <timeslot day="1" period="2"/>
      <timeslot day="2" period="2"/>
      <timeslot day="3" period="2"/>
      <timeslot day="4" period="1"/>
      <timeslot day="4" period="2"/>
      <timeslot day="4" period="3"/>
      <timeslot day="4" period="4"/>
    </constraint>
    <constraint type="period" course="c0465">
      <timeslot day="3" period="0"/>
      <timeslot day="3" period="1"/>
      <timeslot day="3" period="2"/>
      <timeslot day="3" period="3"/>
      <timeslot day="3" period="4"/>
    </constraint>
    <constraint type="period" course="c0486">
      <timeslot day="0" period="0"/>
      <timeslot day="0" period="1"/>
      <timeslot day="0" period="2"/>
      <timeslot day="0" period="3"/>
      <timeslot day="0" period="4"/>
      <timeslot day="1" period="0"/>
      <timeslot day="3" period="0"/>
      <timeslot day="3" period="1"/>
      <timeslot day="3" period="2"/>
      <timeslot day="3" period="3"/>
      <timeslot day="3" period="4"/>
      <timeslot day="4" period="0"/>
      <timeslot day="4" period="1"/>
      <timeslot day="4" period="2"/>
      <timeslot day="4" period="3"/>
      <timeslot day="4" period="4"/>
    </constraint>
    <constraint type="period" course="c0489">
      <timeslot day="0" period="0"/>
      <timeslot day="0" period="1"/>
      <timeslot day="1" period="3"/>
      <timeslot day="1" period="4"/>
      <timeslot day="2" period="0"/>
      <timeslot day="2" period="1"/>
      <timeslot day="2" period="2"/>
      <timeslot day="2" period="3"/>
      <timeslot day="2" period="4"/>
      <timeslot day="3" period="0"/>
      <timeslot day="3" period="1"/>
      <timeslot day="3" period="2"/>
      <timeslot day="3" period="3"/>
      <timeslot day="3" period="4"/>
      <timeslot day="4" period="0"/>
      <timeslot day="4" period="1"/>
      <timeslot day="4" period="2"/>
      <timeslot day="4" period="3"/>
      <timeslot day="4" period="4"/>
    </constraint>
    <constraint type="period" course="c0498">
      <timeslot day="0" period="2"/>
      <timeslot day="1" period="2"/>
      <timeslot day="1" period="4"/>
      <timeslot day="2" period="2"/>
      <timeslot day="3" period="2"/>
      <timeslot day="4" period="2"/>
      <timeslot day="4" period="3"/>
      <timeslot day="4" period="4"/>
    </constraint>
    <constraint type="period" course="c0501">
      <timeslot day="0" period="0"/>
      <timeslot day="0" period="1"/>
      <timeslot day="0" period="2"/>
      <timeslot day="0" period="3"/>
      <timeslot day="0" period="4"/>
      <timeslot day="1" period="0"/>
      <timeslot day="2" period="0"/>
      <timeslot day="4" period="4"/>
    </constraint>
    <constraint type="period" course="c0506">
      <timeslot day="0" period="0"/>
      <timeslot day="0" period="4"/>
      <timeslot day="1" period="4"/>
      <timeslot day="2" period="4"/>
      <timeslot day="3" period="4"/>
      <timeslot day="4" period="2"/>
      <timeslot day="4" period="3"/>
      <timeslot day="4" period="4"/>
    </constraint>
    <constraint type="period" course="c0527">
      <timeslot day="0" period="0"/>
      <timeslot day="0" period="1"/>
      <timeslot day="0" period="2"/>
      <timeslot day="0" period="3"/>
      <timeslot day="0" period="4"/>
    </constraint>
    <constraint type="period" course="c0738">
      <timeslot day="0" period="0"/>
      <timeslot day="0" period="1"/>
      <timeslot day="0" period="2"/>
      <timeslot day="0" period="3"/>
      <timeslot day="0" period="4"/>
      <timeslot day="1" period="0"/>
      <timeslot day="1" period="1"/>
      <timeslot day="1" period="2"/>
      <timeslot day="1" period="3"/>
      <timeslot day="1" period="4"/>
      <timeslot day="2" period="0"/>
      <timeslot day="2" period="1"/>
      <timeslot day="2" period="2"/>
      <timeslot day="3" period="2"/>
      <timeslot day="3" period="3"/>
      <timeslot day="3" period="4"/>
      <timeslot day="4" period="0"/>
      <timeslot day="4" period="1"/>
      <timeslot day="4" period="2"/>
      <timeslot day="4" period="3"/>
      <timeslot day="4" period="4"/>
    </constraint>
    <constraint type="period" course="c0745">
      <timeslot day="0" period="0"/>
      <timeslot day="0" period="1"/>
      <timeslot day="4" period="3"/>
      <timeslot day="4" period="4"/>
    </constraint>
    <constraint type="period" course="c0771">
      <timeslot day="1" period="1"/>
      <timeslot day="2" period="1"/>
      <timeslot day="3" period="1"/>
    </constraint>
    <constraint type="period" course="c0933">
      <timeslot day="0" period="0"/>
      <timeslot day="0" period="2"/>
      <timeslot day="1" period="2"/>
      <timeslot day="2" period="2"/>
      <timeslot day="2" period="3"/>
      <timeslot day="2" period="4"/>
      <timeslot day="3" period="2"/>
      <timeslot day="4" period="2"/>
    </constraint>
    <constraint type="period" course="c1007">
      <timeslot day="0" period="2"/>
      <timeslot day="0" period="3"/>
      <timeslot day="0" period="4"/>
      <timeslot day="1" period="2"/>
      <timeslot day="1" period="3"/>
      <timeslot day="1" period="4"/>
      <timeslot day="2" period="2"/>
      <timeslot day="2" period="3"/>
      <timeslot day="2" period="4"/>
      <timeslot day="3" period="2"/>
      <timeslot day="3" period="3"/>
      <timeslot day="3" period="4"/>
      <timeslot day="4" period="2"/>
      <timeslot day="4" period="3"/>
      <timeslot day="4" period="4"/>
    </constraint>
    <constraint type="period" course="c1148">
      <timeslot day="0" period="0"/>
      <timeslot day="0" period="2"/>
      <timeslot day="1" period="0"/>
      <timeslot day="1" period="2"/>
      <timeslot day="2" period="0"/>
      <timeslot day="2" period="2"/>
      <timeslot day="3" period="2"/>
      <timeslot day="4" period="2"/>
    </constraint>
    <constraint type="period" course="c0741">
      <timeslot day="0" period="4"/>
      <timeslot day="1" period="2"/>
      <timeslot day="1" period="3"/>
      <timeslot day="1" period="4"/>
      <timeslot day="3" period="1"/>
      <timeslot day="3" period="2"/>
      <timeslot day="3" period="3"/>
      <timeslot day="3" period="4"/>
    </constraint>
    <constraint type="period" course="c0510">
      <timeslot day="0" period="0"/>
      <timeslot day="0" period="1"/>
      <timeslot day="0" period="2"/>
      <timeslot day="0" period="3"/>
      <timeslot day="0" period="4"/>
    </constraint>
    <constraint type="room" course="c0012">
      <room ref="Er1"/>
      <room ref="Er2"/>
    </constraint>
    <constraint type="room" course="c0013">
      <room ref="Er1"/>
      <room ref="Er2"/>
    </constraint>
    <constraint type="room" course="c0014">
      <room ref="Er1"/>
      <room ref="Er2"/>
    </constraint>
    <constraint type="room" course="c0035">
      <room ref="Er1"/>
    </constraint>
    <constraint type="room" course="c0036">
      <room ref="Er1"/>
    </constraint>
    <constraint type="room" course="c0045">
      <room ref="Er1"/>
      <room ref="Er2"/>
    </constraint>
    <constraint type="room" course="c0052">
      <room ref="Er1"/>
      <room ref="Er2"/>
    </constraint>
    <constraint type="room" course="c0055">
      <room ref="Er1"/>
      <room ref="Er2"/>
    </constraint>
    <constraint type="room" course="c0057">
      <room ref="Er1"/>
      <room ref="Er2"/>
    </constraint>
    <constraint type="room" course="c0060">
      <room ref="Er1"/>
      <room ref="Er2"/>
    </constraint>
    <constraint type="room" course="c0094">
      <room ref="Er1"/>
      <room ref="Er2"/>
    </constraint>
    <constraint type="room" course="c0098">
      <room ref="Er1"/>
      <room ref="Er2"/>
    </constraint>
    <constraint type="room" course="c0104">
      <room ref="Er1"/>
      <room ref="Er2"/>
    </constraint>
    <constraint type="room" course="c0107">
      <room ref="Er1"/>
      <room ref="Er2"/>
    </constraint>
    <constraint type="room" course="c0112">
      <room ref="Er1"/>
      <room ref="Er2"/>
    </constraint>
    <constraint type="room" course="c0114">
      <room ref="Er1"/>
      <room ref="Er2"/>
    </constraint>
    <constraint type="room" course="c0116">
      <room ref="Er1"/>
      <room ref="Er2"/>
    </constraint>
    <constraint type="room" course="c0117">
      <room ref="Er1"/>
      <room ref="Er2"/>
    </constraint>
    <constraint type="room" course="c0177">
      <room ref="Er1"/>
      <room ref="Er2"/>
    </constraint>
    <constraint type="room" course="c0179">
      <room ref="Er1"/>
      <room ref="Er2"/>
    </constraint>
    <constraint type="room" course="c0181">
      <room ref="Er1"/>
      <room ref="Er2"/>
    </constraint>
    <constraint type="room" course="c0196">
      <room ref="Er1"/>
      <room ref="Er2"/>
    </constraint>
    <constraint type="room" course="c0198">
      <room ref="Er1"/>
      <room ref="Er2"/>
    </constraint>
    <constraint type="room" course="c0210">
      <room ref="Er1"/>
      <room ref="Er2"/>
    </constraint>
    <constraint type="room" course="c0214">
      <room ref="Er1"/>
      <room ref="Er2"/>
    </constraint>
    <constraint type="room" course="c0218">
      <room ref="Er1"/>
      <room ref="Er2"/>
    </constraint>
    <constraint type="room" course="c0223">
      <room ref="Er1"/>
      <room ref="Er2"/>
    </constraint>
    <constraint type="room" course="c0224">
      <room ref="Er1"/>
      <room ref="Er2"/>
    </constraint>
    <constraint type="room" course="c0226">
      <room ref="Er1"/>
      <room ref="Er2"/>
    </constraint>
    <constraint type="room" course="c0227">
      <room ref="Er1"/>
      <room ref="Er2"/>
    </constraint>
    <constraint type="room" course="c0233">
      <room ref="Er1"/>
      <room ref="Er2"/>
    </constraint>
    <constraint type="room" course="c0249">
      <room ref="Er1"/>
      <room ref="Er2"/>
    </constraint>
    <constraint type="room" course="c0254">
      <room ref="Er1"/>
      <room ref="Er2"/>
    </constraint>
    <constraint type="room" course="c0271">
      <room ref="Er1"/>
      <room ref="Er2"/>
    </constraint>
    <constraint type="room" course="c0409">
      <room ref="Er1"/>
      <room ref="Er2"/>
    </constraint>
    <constraint type="room" course="c0416">
      <room ref="Er1"/>
      <room ref="Er2"/>
    </constraint>
    <constraint type="room" course="c0420">
      <room ref="Er1"/>
      <room ref="Er2"/>
    </constraint>
    <constraint type="room" course="c0441">
      <room ref="Er1"/>
      <room ref="Er2"/>
    </constraint>
    <constraint type="room" course="c0456">
      <room ref="Er1"/>
      <room ref="Er2"/>
    </constraint>
    <constraint type="room" course="c0457">
      <room ref="Er1"/>
      <room ref="Er2"/>
    </constraint>
    <constraint type="room" course="c0465">
      <room ref="Er1"/>
      <room ref="Er2"/>
    </constraint>
    <constraint type="room" course="c0486">
      <room ref="Er1"/>
      <room ref="Er2"/>
    </constraint>
    <constraint type="room" course="c0489">
      <room ref="Er1"/>
      <room ref="Er2"/>
    </constraint>
    <constraint type="room" course="c0491">
      <room ref="Er1"/>
      <room ref="Er2"/>
    </constraint>
    <constraint type="room" course="c0498">
      <room ref="Er1"/>
      <room ref="Er2"/>
    </constraint>
    <constraint type="room" course="c0501">
      <room ref="Er1"/>
      <room ref="Er2"/>
    </constraint>
    <constraint type="room" course="c0506">
      <room ref="Er1"/>
      <room ref="Er2"/>
    </constraint>
    <constraint type="room" course="c0527">
      <room ref="Er1"/>
      <room ref="Er2"/>
    </constraint>
    <constraint type="room" course="c0670">
      <room ref="Er1"/>
      <room ref="Er2"/>
    </constraint>
    <constraint type="room" course="c0738">
      <room ref="Er1"/>
      <room ref="Er2"/>
    </constraint>
    <constraint type="room" course="c0745">
      <room ref="Er1"/>
      <room ref="Er2"/>
    </constraint>
    <constraint type="room" course="c0771">
      <room ref="Er1"/>
      <room ref="Er2"/>
    </constraint>
    <constraint type="room" course="c0773">
      <room ref="Er1"/>
      <room ref="Er2"/>
    </constraint>
    <constraint type="room" course="c0779">
      <room ref="Er1"/>
      <room ref="Er2"/>
    </constraint>
    <constraint type="room" course="c0798">
      <room ref="Er1"/>
      <room ref="Er2"/>
    </constraint>
    <constraint type="room" course="c0814">
      <room ref="Er1"/>
      <room ref="Er2"/>
    </constraint>
    <constraint type="room" course="c0828">
      <room ref="Er1"/>
      <room ref="Er2"/>
    </constraint>
    <constraint type="room" course="c0933">
      <room ref="Er1"/>
      <room ref="Er2"/>
    </constraint>
    <constraint type="room" course="c1007">
      <room ref="Er1"/>
      <room ref="Er2"/>
    </constraint>
    <constraint type="room" course="c1148">
      <room ref="Er1"/>
      <room ref="Er2"/>
    </constraint>
    <constraint type="room" course="c0741">
      <room ref="Er1"/>
      <room ref="Er2"/>
    </constraint>
    <constraint type="room" course="c0510">
      <room ref="Er1"/>
      <room ref="Er2"/>
    </constraint>
  </constraints>
</instance>
